reference,n_models,spearman,kendall_b,spearman_exact_p_onetailed,kendall_exact_p_onetailed,p_method,n_permutations,min_attainable_p,mean_abs_wer_err
LOO ensemble (proposed),9,1.0,1.0,2.7557319223985893e-06,2.7557319223985893e-06,exact,362880,2.7557319223985893e-06,1.05313224201581
full ensemble (biased),9,1.0,1.0,2.7557319223985893e-06,2.7557319223985893e-06,exact,362880,2.7557319223985893e-06,1.7173136557021365
single model: seamless_m4t,8,1.0,0.9999999999999998,2.48015873015873e-05,2.48015873015873e-05,exact,40320,2.48015873015873e-05,2.804758815412309
LOO ensemble matched to n-1 (vs seamless_m4t),8,1.0,0.9999999999999998,2.48015873015873e-05,2.48015873015873e-05,exact,40320,2.48015873015873e-05,1.0729458007146184
single model: whisper_v3,8,0.8333333333333335,0.7142857142857142,0.007688492063492063,0.007068452380952381,exact,40320,2.48015873015873e-05,5.167538669753894
LOO ensemble matched to n-1 (vs whisper_v3),8,1.0,0.9999999999999998,2.48015873015873e-05,2.48015873015873e-05,exact,40320,2.48015873015873e-05,0.9977220119611445
single model: fastconformer,8,1.0,0.9999999999999998,2.48015873015873e-05,2.48015873015873e-05,exact,40320,2.48015873015873e-05,0.7331305681077395
LOO ensemble matched to n-1 (vs fastconformer),8,1.0,0.9999999999999998,2.48015873015873e-05,2.48015873015873e-05,exact,40320,2.48015873015873e-05,1.1692589805766986
single model: w2vbert,8,1.0,0.9999999999999998,2.48015873015873e-05,2.48015873015873e-05,exact,40320,2.48015873015873e-05,13.20484334199897
LOO ensemble matched to n-1 (vs w2vbert),8,1.0,0.9999999999999998,2.48015873015873e-05,2.48015873015873e-05,exact,40320,2.48015873015873e-05,1.026565907055504
single model: hubert,8,1.0,0.9999999999999998,2.48015873015873e-05,2.48015873015873e-05,exact,40320,2.48015873015873e-05,2.0029881334456805
LOO ensemble matched to n-1 (vs hubert),8,1.0,0.9999999999999998,2.48015873015873e-05,2.48015873015873e-05,exact,40320,2.48015873015873e-05,1.0261902852260703
single model: wav2vec_sb,8,0.9285714285714287,0.8571428571428571,0.0011160714285714285,0.0008680555555555555,exact,40320,2.48015873015873e-05,17.811928528006142
LOO ensemble matched to n-1 (vs wav2vec_sb),8,1.0,0.9999999999999998,2.48015873015873e-05,2.48015873015873e-05,exact,40320,2.48015873015873e-05,1.0388179248077651
single model: cohere,8,1.0,0.9999999999999998,2.48015873015873e-05,2.48015873015873e-05,exact,40320,2.48015873015873e-05,0.7446956625664374
LOO ensemble matched to n-1 (vs cohere),8,1.0,0.9999999999999998,2.48015873015873e-05,2.48015873015873e-05,exact,40320,2.48015873015873e-05,1.1742870707992934
