pool,k,pair,true_winner,pred_winner,wer_true_a,wer_true_b,wer_pseudo_a,wer_pseudo_b,gap_wer_true,gap_wer_pseudo,human_resolvable
seamless_m4t+whisper_v3+w2vbert+wav2vec_sb,4,seamless_m4t|whisper_v2,seamless_m4t,whisper_v2,10.840342445178733,18.4188772826332,17.621233650307865,16.587969616095258,7.578534837454468,1.033264034212607,True
seamless_m4t+fastconformer+w2vbert+wav2vec_sb,4,fastconformer|whisper_v3,fastconformer,whisper_v3,7.252553319315109,14.712181558578193,14.530520271129769,13.963963963963964,7.4596282392630835,0.5665563071658042,True
seamless_m4t+w2vbert+hubert+wav2vec_sb,4,hubert|whisper_v3,hubert,whisper_v3,7.8739861820366475,14.712181558578193,15.886169110832471,14.674712707902628,6.838195376541545,1.2114564029298425,True
w2vbert+hubert+wav2vec_sb+cohere,4,cohere|seamless_m4t,cohere,seamless_m4t,5.55910423085594,10.768768317426918,13.421601523533147,11.415848409755734,5.209664086570978,2.0057531137774127,True
fastconformer+w2vbert+wav2vec_sb+cohere,4,cohere|seamless_m4t,cohere,seamless_m4t,5.55910423085594,10.7670918894546,12.438183178525156,10.80570669957555,5.207987658598659,1.6324764789496058,True
whisper_v3+w2vbert+hubert+cohere,4,cohere|seamless_m4t,cohere,seamless_m4t,5.622934815259838,10.768768317426918,10.828002193383293,10.302179811020675,5.14583350216708,0.5258223823626178,True
whisper_v3+w2vbert+wav2vec_sb+cohere,4,cohere|seamless_m4t,cohere,seamless_m4t,5.622934815259838,10.768768317426918,14.959740590957118,11.566341591002503,5.14583350216708,3.3933989999546146,True
whisper_v3+hubert+wav2vec_sb+cohere,4,cohere|seamless_m4t,cohere,seamless_m4t,5.622934815259838,10.768768317426918,11.0390796201607,10.536437813917882,5.14583350216708,0.5026418062428188,True
seamless_m4t+fastconformer+w2vbert+wav2vec_sb,4,seamless_m4t|whisper_v3,seamless_m4t,whisper_v3,10.768768317426918,14.712181558578193,16.142630339969706,13.963963963963964,3.9434132411512746,2.178666376005742,True
seamless_m4t+w2vbert+hubert+wav2vec_sb,4,seamless_m4t|whisper_v3,seamless_m4t,whisper_v3,10.768768317426918,14.712181558578193,17.025482905595357,14.674712707902628,3.9434132411512746,2.3507701976927287,True
seamless_m4t+w2vbert+wav2vec_sb+cohere,4,seamless_m4t|whisper_v3,seamless_m4t,whisper_v3,10.840342445178733,14.712181558578193,15.797434215321816,13.654543415691698,3.87183911339946,2.142890799630118,True
whisper_v3+fastconformer+w2vbert+wav2vec_sb,4,whisper_v3|whisper_v2,whisper_v3,whisper_v2,14.712181558578193,18.4188772826332,18.14631653862297,16.859074945826794,3.706695724055008,1.2872415927961747,True
whisper_v3+w2vbert+hubert+wav2vec_sb,4,whisper_v3|whisper_v2,whisper_v3,whisper_v2,14.712181558578193,18.4188772826332,19.104017411807384,17.426667659321023,3.706695724055008,1.6773497524863608,True
seamless_m4t+whisper_v3+w2vbert+wav2vec_sb,4,whisper_v3|whisper_v2,whisper_v3,whisper_v2,14.769825773505557,18.4188772826332,18.30125933598648,16.587969616095258,3.649051509127643,1.7132897198912218,True
seamless_m4t+whisper_v3+hubert+wav2vec_sb,4,whisper_v3|whisper_v2,whisper_v3,whisper_v2,14.769825773505557,18.4188772826332,16.566061821829123,16.562126642771805,3.649051509127643,0.00393517905731855,True
whisper_v3+w2vbert+wav2vec_sb+cohere,4,whisper_v3|whisper_v2,whisper_v3,whisper_v2,14.769825773505557,18.4188772826332,17.969604198556745,16.584463625154132,3.649051509127643,1.3851405734026123,True
fastconformer+w2vbert+hubert+wav2vec_sb,4,fastconformer|seamless_m4t,fastconformer,seamless_m4t,7.189824904185767,10.768768317426918,14.219642695202685,11.974140179602788,3.5789434132411513,2.245502515599897,True
whisper_v3+fastconformer+w2vbert+hubert,4,fastconformer|seamless_m4t,fastconformer,seamless_m4t,7.252553319315109,10.768768317426918,11.986839700237617,10.818899405184991,3.516214998111809,1.1679402950526256,True
whisper_v3+fastconformer+w2vbert+wav2vec_sb,4,fastconformer|seamless_m4t,fastconformer,seamless_m4t,7.252553319315109,10.768768317426918,15.826866324188435,12.134797877904804,3.516214998111809,3.6920684462836313,True
whisper_v3+fastconformer+hubert+wav2vec_sb,4,fastconformer|seamless_m4t,fastconformer,seamless_m4t,7.252553319315109,10.768768317426918,12.074506939371805,10.988436174783763,3.516214998111809,1.086070764588042,True
whisper_v3+fastconformer+w2vbert+cohere,4,fastconformer|seamless_m4t,fastconformer,seamless_m4t,7.252553319315109,10.7670918894546,10.942674221797041,10.230682670667667,3.5145385701394902,0.7119915511293744,True
whisper_v3+fastconformer+wav2vec_sb+cohere,4,fastconformer|seamless_m4t,fastconformer,seamless_m4t,7.252553319315109,10.7670918894546,10.840829814576832,10.177273067985908,3.5145385701394902,0.663556746590924,True
fastconformer+w2vbert+wav2vec_sb+cohere,4,fastconformer|seamless_m4t,fastconformer,seamless_m4t,7.252553319315109,10.7670918894546,13.171513958743349,10.80570669957555,3.5145385701394902,2.3658072591677985,True
fastconformer+w2vbert+hubert+wav2vec_sb,4,hubert|seamless_m4t,hubert,seamless_m4t,7.811678064176749,10.768768317426918,14.624354459022975,11.974140179602788,2.9570902532501693,2.6502142794201866,True
whisper_v3+fastconformer+w2vbert+hubert+wav2vec_sb,5,hubert|seamless_m4t,hubert,seamless_m4t,7.811678064176749,10.768768317426918,11.622954494507958,10.787876517308558,2.9570902532501693,0.8350779771994006,True
whisper_v3+w2vbert+hubert+wav2vec_sb+cohere,5,hubert|seamless_m4t,hubert,seamless_m4t,7.811678064176749,10.768768317426918,11.358965736277696,10.393889471319454,2.9570902532501693,0.9650762649582418,True
whisper_v3+fastconformer+w2vbert+hubert,4,hubert|seamless_m4t,hubert,seamless_m4t,7.8739861820366475,10.768768317426918,12.937539107070558,10.818899405184991,2.8947821353902707,2.1186397018855665,True
whisper_v3+fastconformer+hubert+wav2vec_sb,4,hubert|seamless_m4t,hubert,seamless_m4t,7.8739861820366475,10.768768317426918,12.895341358081412,10.988436174783763,2.8947821353902707,1.9069051832976491,True
whisper_v3+w2vbert+hubert+wav2vec_sb,4,hubert|seamless_m4t,hubert,seamless_m4t,7.8739861820366475,10.768768317426918,17.222282945312784,12.736375818939845,2.8947821353902707,4.48590712637294,True
whisper_v3+w2vbert+hubert+cohere,4,hubert|seamless_m4t,hubert,seamless_m4t,7.8739861820366475,10.768768317426918,12.776878357495033,10.302179811020675,2.8947821353902707,2.4746985464743574,True
whisper_v3+hubert+wav2vec_sb+cohere,4,hubert|seamless_m4t,hubert,seamless_m4t,7.8739861820366475,10.768768317426918,12.636313567101157,10.536437813917882,2.8947821353902707,2.099875753183275,True
w2vbert+hubert+wav2vec_sb+cohere,4,hubert|seamless_m4t,hubert,seamless_m4t,7.8739861820366475,10.768768317426918,14.525475617756396,11.415848409755734,2.8947821353902707,3.1096272080006617,True
fastconformer+w2vbert+hubert+cohere,4,hubert|seamless_m4t,hubert,seamless_m4t,7.8739861820366475,10.7670918894546,10.348770726129217,10.31041713472628,2.893105707417952,0.038353591402938036,True
fastconformer+hubert+wav2vec_sb+cohere,4,hubert|seamless_m4t,hubert,seamless_m4t,7.8739861820366475,10.7670918894546,10.580588137809123,10.474855113105253,2.893105707417952,0.10573302470386992,True
seamless_m4t+whisper_v3+w2vbert+cohere,4,cohere|hubert,cohere,hubert,5.622934815259838,7.8739861820366475,10.914161987595875,10.258570652886217,2.2510513667768093,0.6555913347096585,True
seamless_m4t+whisper_v3+wav2vec_sb+cohere,4,cohere|hubert,cohere,hubert,5.622934815259838,7.8739861820366475,11.019369484822965,10.199498446681888,2.2510513667768093,0.819871038141077,True
fastconformer+w2vbert+wav2vec_sb+cohere,4,cohere|hubert,cohere,hubert,5.55910423085594,7.8080673342476565,12.438183178525156,9.594061442381406,2.2489631033917163,2.84412173614375,True
seamless_m4t+w2vbert+wav2vec_sb+cohere,4,cohere|hubert,cohere,hubert,5.622934815259838,7.811678064176749,13.469261662032746,10.180166710275483,2.1887432489169107,3.2890949517572636,True
whisper_v3+w2vbert+wav2vec_sb+cohere,4,cohere|hubert,cohere,hubert,5.622934815259838,7.811678064176749,14.959740590957118,11.358965736277696,2.1887432489169107,3.600774854679422,True
whisper_v3+fastconformer+w2vbert+cohere,4,cohere|hubert,cohere,hubert,5.622934815259838,7.8080673342476565,9.987485737421325,9.510502625656414,2.1851325189878184,0.4769831117649108,True
whisper_v3+fastconformer+wav2vec_sb+cohere,4,cohere|hubert,cohere,hubert,5.622934815259838,7.8080673342476565,10.07994119268584,9.397721310246608,2.1851325189878184,0.6822198824392327,True
w2vbert+hubert+wav2vec_sb+cohere,4,cohere|fastconformer,cohere,fastconformer,5.55910423085594,7.189824904185767,13.421601523533147,8.268897542434463,1.6307206733298267,5.152703981098684,True
seamless_m4t+whisper_v3+w2vbert+wav2vec_sb+cohere,5,cohere|fastconformer,cohere,fastconformer,5.55910423085594,7.189824904185767,9.111438756275545,7.951902153522924,1.6307206733298267,1.1595366027526213,True
seamless_m4t+whisper_v3+hubert+wav2vec_sb+cohere,5,cohere|fastconformer,cohere,fastconformer,5.55910423085594,7.189824904185767,7.21326164874552,7.064270050418908,1.6307206733298267,0.1489915983266119,True
seamless_m4t+w2vbert+hubert+wav2vec_sb+cohere,5,cohere|fastconformer,cohere,fastconformer,5.55910423085594,7.189824904185767,7.893315453241698,7.131489768025313,1.6307206733298267,0.7618256852163849,True
whisper_v3+w2vbert+hubert+wav2vec_sb+cohere,5,cohere|fastconformer,cohere,fastconformer,5.55910423085594,7.189824904185767,9.214934484812389,7.548300134791074,1.6307206733298267,1.6666343500213152,True
seamless_m4t+whisper_v3+w2vbert+cohere,4,cohere|fastconformer,cohere,fastconformer,5.622934815259838,7.252553319315109,10.914161987595875,8.16903518133648,1.629618504055271,2.745126806259396,True
seamless_m4t+whisper_v3+hubert+cohere,4,cohere|fastconformer,cohere,fastconformer,5.622934815259838,7.252553319315109,8.144071851879119,7.169203692261604,1.629618504055271,0.9748681596175146,True
seamless_m4t+whisper_v3+wav2vec_sb+cohere,4,cohere|fastconformer,cohere,fastconformer,5.622934815259838,7.252553319315109,11.019369484822965,8.090354455964368,1.629618504055271,2.929015028858597,True
seamless_m4t+w2vbert+hubert+cohere,4,cohere|fastconformer,cohere,fastconformer,5.622934815259838,7.189824904185767,9.351322732002995,7.123877245508982,1.5668900889259287,2.2274454864940125,True
seamless_m4t+w2vbert+wav2vec_sb+cohere,4,cohere|fastconformer,cohere,fastconformer,5.622934815259838,7.189824904185767,13.469261662032746,8.28505214368482,1.5668900889259287,5.1842095183479255,True
seamless_m4t+hubert+wav2vec_sb+cohere,4,cohere|fastconformer,cohere,fastconformer,5.622934815259838,7.189824904185767,9.882374395915019,7.211969515839809,1.5668900889259287,2.6704048800752096,True
whisper_v3+w2vbert+hubert+cohere,4,cohere|fastconformer,cohere,fastconformer,5.622934815259838,7.189824904185767,10.828002193383293,7.53484891009449,1.5668900889259287,3.2931532832888033,True
whisper_v3+w2vbert+wav2vec_sb+cohere,4,cohere|fastconformer,cohere,fastconformer,5.622934815259838,7.189824904185767,14.959740590957118,9.361805477711766,1.5668900889259287,5.597935113245352,True
whisper_v3+hubert+wav2vec_sb+cohere,4,cohere|fastconformer,cohere,fastconformer,5.622934815259838,7.189824904185767,11.0390796201607,7.601247269264522,1.5668900889259287,3.437832350896179,True
seamless_m4t+whisper_v3+fastconformer+w2vbert+wav2vec_sb,5,fastconformer|hubert,fastconformer,hubert,7.189824904185767,7.811678064176749,10.520520333700379,10.242987147011915,0.621853159990982,0.27753318668846383,True
seamless_m4t+whisper_v3+fastconformer+w2vbert,4,fastconformer|hubert,fastconformer,hubert,7.252553319315109,7.811678064176749,12.345407170905354,10.45450285821385,0.5591247448616397,1.8909043126915037,True
seamless_m4t+whisper_v3+fastconformer+wav2vec_sb,4,fastconformer|hubert,fastconformer,hubert,7.252553319315109,7.811678064176749,12.36315037896818,10.320224719101123,0.5591247448616397,2.0429256598670573,True
seamless_m4t+fastconformer+w2vbert+wav2vec_sb,4,fastconformer|hubert,fastconformer,hubert,7.252553319315109,7.811678064176749,14.530520271129769,10.49493476879369,0.5591247448616397,4.035585502336078,True
whisper_v3+fastconformer+w2vbert+wav2vec_sb,4,fastconformer|hubert,fastconformer,hubert,7.252553319315109,7.811678064176749,15.826866324188435,11.622954494507958,0.5591247448616397,4.203911829680477,True
seamless_m4t+fastconformer+w2vbert+cohere,4,fastconformer|hubert,fastconformer,hubert,7.252553319315109,7.8080673342476565,9.619024865381435,9.035670079891977,0.5555140149325473,0.5833547854894583,True
seamless_m4t+fastconformer+wav2vec_sb+cohere,4,fastconformer|hubert,fastconformer,hubert,7.252553319315109,7.8080673342476565,9.775649844991102,8.988848280386094,0.5555140149325473,0.7868015646050086,True
whisper_v3+fastconformer+w2vbert+cohere,4,fastconformer|hubert,fastconformer,hubert,7.252553319315109,7.8080673342476565,10.942674221797041,9.510502625656414,0.5555140149325473,1.432171596140627,True
whisper_v3+fastconformer+wav2vec_sb+cohere,4,fastconformer|hubert,fastconformer,hubert,7.252553319315109,7.8080673342476565,10.840829814576832,9.397721310246608,0.5555140149325473,1.4431085043302243,True
fastconformer+w2vbert+wav2vec_sb+cohere,4,fastconformer|hubert,fastconformer,hubert,7.252553319315109,7.8080673342476565,13.171513958743349,9.594061442381406,0.5555140149325473,3.5774525163619426,True
