pool,k,share,ret_cohere,ret_canary,modal_cohere,cohere_holds_reported,bin
seamless_m4t+whisper_v3+canary+conformer+parakeet+sb+cohere,7,0.2943938482190386,0.513,0.929,1,1,0.25-0.35
whisper_v3+canary+conformer+parakeet+sb+cohere,6,0.3393363601349222,0.521,0.835,1,1,0.25-0.35
seamless_m4t+whisper_v3+canary+conformer+parakeet+cohere,6,0.3422777367604049,0.165,0.998,2,0,0.25-0.35
seamless_m4t+whisper_v3+canary+parakeet+sb+cohere,6,0.3428866990260183,0.263,0.942,2,0,0.25-0.35
seamless_m4t+canary+conformer+parakeet+sb+cohere,6,0.34329735355487967,0.276,0.729,2,0,0.25-0.35
seamless_m4t+whisper_v3+canary+conformer+parakeet+sb,6,0.3460966808267493,0.781,0.938,1,1,0.25-0.35
whisper_v3+canary+conformer+parakeet+cohere,5,0.4045761768447837,0.151,0.998,2,0,0.35-0.45
whisper_v3+canary+parakeet+sb+cohere,5,0.40542726461401163,0.339,0.711,2,0,0.35-0.45
canary+conformer+parakeet+sb+cohere,5,0.40600150815721536,0.042,0.75,2,0,0.35-0.45
seamless_m4t+whisper_v3+canary+parakeet+cohere,5,0.40963307368717666,0.076,0.942,2,0,0.35-0.45
whisper_v3+canary+conformer+parakeet+sb,5,0.4099226754807353,0.75,0.928,1,1,0.35-0.45
seamless_m4t+canary+conformer+parakeet+cohere,5,0.4102193017818269,0.026,0.987,2,0,0.35-0.45
seamless_m4t+canary+parakeet+sb+cohere,5,0.41109432315821787,0.102,0.788,2,0,0.35-0.45
seamless_m4t+whisper_v3+canary+conformer+parakeet,5,0.41422276497226884,0.84,0.999,1,1,0.35-0.45
seamless_m4t+whisper_v3+canary+parakeet+sb,5,0.4151149674974351,0.87,0.889,1,1,0.35-0.45
seamless_m4t+canary+conformer+parakeet+sb,5,0.4157170024450577,0.905,0.813,1,1,0.35-0.45
whisper_v3+canary+parakeet+cohere,4,0.502177555265489,0.003,0.908,2,0,0.45-1.00
canary+conformer+parakeet+cohere,4,0.5030588712209036,0.0,0.994,2,0,0.45-1.00
canary+parakeet+sb+cohere,4,0.5043754104657935,0.048,0.876,2,0,0.45-1.00
whisper_v3+canary+conformer+parakeet,4,0.5090928192992901,0.396,1.0,2,0,0.45-1.00
whisper_v3+canary+parakeet+sb,4,0.5104411727822226,0.448,0.991,2,0,0.45-1.00
seamless_m4t+canary+parakeet+cohere,4,0.5109011901564198,0.001,0.462,3,0,0.45-1.00
canary+conformer+parakeet+sb,4,0.5113517587939699,0.816,0.562,1,1,0.45-1.00
seamless_m4t+whisper_v3+canary+parakeet,4,0.5171258982203295,0.615,0.947,1,1,0.45-1.00
seamless_m4t+canary+conformer+parakeet,4,0.5180605122618023,0.302,1.0,2,0,0.45-1.00
seamless_m4t+canary+parakeet+sb,4,0.5194568518849384,0.478,0.977,2,0,0.45-1.00
