pool,k,model,rank,count
seamless_m4t+whisper_v3+canary+conformer,4,seamless_m4t,6,841
seamless_m4t+whisper_v3+canary+conformer,4,seamless_m4t,7,159
seamless_m4t+whisper_v3+canary+conformer,4,whisper_v3,4,8
seamless_m4t+whisper_v3+canary+conformer,4,whisper_v3,5,9
seamless_m4t+whisper_v3+canary+conformer,4,whisper_v3,6,142
seamless_m4t+whisper_v3+canary+conformer,4,whisper_v3,7,841
seamless_m4t+whisper_v3+canary+conformer,4,canary,3,1000
seamless_m4t+whisper_v3+canary+conformer,4,conformer,4,706
seamless_m4t+whisper_v3+canary+conformer,4,conformer,5,291
seamless_m4t+whisper_v3+canary+conformer,4,conformer,6,3
seamless_m4t+whisper_v3+canary+conformer,4,parakeet,1,853
seamless_m4t+whisper_v3+canary+conformer,4,parakeet,2,147
seamless_m4t+whisper_v3+canary+conformer,4,sb,4,286
seamless_m4t+whisper_v3+canary+conformer,4,sb,5,700
seamless_m4t+whisper_v3+canary+conformer,4,sb,6,14
seamless_m4t+whisper_v3+canary+conformer,4,cohere,1,147
seamless_m4t+whisper_v3+canary+conformer,4,cohere,2,853
seamless_m4t+whisper_v3+canary+parakeet,4,seamless_m4t,5,8
seamless_m4t+whisper_v3+canary+parakeet,4,seamless_m4t,6,686
seamless_m4t+whisper_v3+canary+parakeet,4,seamless_m4t,7,306
seamless_m4t+whisper_v3+canary+parakeet,4,whisper_v3,5,61
seamless_m4t+whisper_v3+canary+parakeet,4,whisper_v3,6,246
seamless_m4t+whisper_v3+canary+parakeet,4,whisper_v3,7,693
seamless_m4t+whisper_v3+canary+parakeet,4,canary,1,5
seamless_m4t+whisper_v3+canary+parakeet,4,canary,2,48
seamless_m4t+whisper_v3+canary+parakeet,4,canary,3,947
seamless_m4t+whisper_v3+canary+parakeet,4,conformer,4,1000
seamless_m4t+whisper_v3+canary+parakeet,4,parakeet,1,380
seamless_m4t+whisper_v3+canary+parakeet,4,parakeet,2,598
seamless_m4t+whisper_v3+canary+parakeet,4,parakeet,3,22
seamless_m4t+whisper_v3+canary+parakeet,4,sb,5,931
seamless_m4t+whisper_v3+canary+parakeet,4,sb,6,68
seamless_m4t+whisper_v3+canary+parakeet,4,sb,7,1
seamless_m4t+whisper_v3+canary+parakeet,4,cohere,1,615
seamless_m4t+whisper_v3+canary+parakeet,4,cohere,2,354
seamless_m4t+whisper_v3+canary+parakeet,4,cohere,3,31
seamless_m4t+whisper_v3+canary+sb,4,seamless_m4t,5,360
seamless_m4t+whisper_v3+canary+sb,4,seamless_m4t,6,526
seamless_m4t+whisper_v3+canary+sb,4,seamless_m4t,7,114
seamless_m4t+whisper_v3+canary+sb,4,whisper_v3,5,129
seamless_m4t+whisper_v3+canary+sb,4,whisper_v3,6,70
seamless_m4t+whisper_v3+canary+sb,4,whisper_v3,7,801
seamless_m4t+whisper_v3+canary+sb,4,canary,3,339
seamless_m4t+whisper_v3+canary+sb,4,canary,4,661
seamless_m4t+whisper_v3+canary+sb,4,conformer,3,661
seamless_m4t+whisper_v3+canary+sb,4,conformer,4,339
seamless_m4t+whisper_v3+canary+sb,4,parakeet,1,687
seamless_m4t+whisper_v3+canary+sb,4,parakeet,2,313
seamless_m4t+whisper_v3+canary+sb,4,sb,5,511
seamless_m4t+whisper_v3+canary+sb,4,sb,6,404
seamless_m4t+whisper_v3+canary+sb,4,sb,7,85
seamless_m4t+whisper_v3+canary+sb,4,cohere,1,313
seamless_m4t+whisper_v3+canary+sb,4,cohere,2,687
seamless_m4t+whisper_v3+canary+cohere,4,seamless_m4t,5,7
seamless_m4t+whisper_v3+canary+cohere,4,seamless_m4t,6,674
seamless_m4t+whisper_v3+canary+cohere,4,seamless_m4t,7,319
seamless_m4t+whisper_v3+canary+cohere,4,whisper_v3,4,3
seamless_m4t+whisper_v3+canary+cohere,4,whisper_v3,5,60
seamless_m4t+whisper_v3+canary+cohere,4,whisper_v3,6,259
seamless_m4t+whisper_v3+canary+cohere,4,whisper_v3,7,678
seamless_m4t+whisper_v3+canary+cohere,4,canary,2,10
seamless_m4t+whisper_v3+canary+cohere,4,canary,3,935
seamless_m4t+whisper_v3+canary+cohere,4,canary,4,55
seamless_m4t+whisper_v3+canary+cohere,4,conformer,2,1
seamless_m4t+whisper_v3+canary+cohere,4,conformer,3,54
seamless_m4t+whisper_v3+canary+cohere,4,conformer,4,942
seamless_m4t+whisper_v3+canary+cohere,4,conformer,5,3
seamless_m4t+whisper_v3+canary+cohere,4,parakeet,1,997
seamless_m4t+whisper_v3+canary+cohere,4,parakeet,2,3
seamless_m4t+whisper_v3+canary+cohere,4,sb,5,930
seamless_m4t+whisper_v3+canary+cohere,4,sb,6,67
seamless_m4t+whisper_v3+canary+cohere,4,sb,7,3
seamless_m4t+whisper_v3+canary+cohere,4,cohere,1,3
seamless_m4t+whisper_v3+canary+cohere,4,cohere,2,986
seamless_m4t+whisper_v3+canary+cohere,4,cohere,3,11
seamless_m4t+whisper_v3+conformer+parakeet,4,seamless_m4t,6,777
seamless_m4t+whisper_v3+conformer+parakeet,4,seamless_m4t,7,223
seamless_m4t+whisper_v3+conformer+parakeet,4,whisper_v3,5,3
seamless_m4t+whisper_v3+conformer+parakeet,4,whisper_v3,6,220
seamless_m4t+whisper_v3+conformer+parakeet,4,whisper_v3,7,777
seamless_m4t+whisper_v3+conformer+parakeet,4,canary,1,1
seamless_m4t+whisper_v3+conformer+parakeet,4,canary,2,98
seamless_m4t+whisper_v3+conformer+parakeet,4,canary,3,901
seamless_m4t+whisper_v3+conformer+parakeet,4,conformer,4,796
seamless_m4t+whisper_v3+conformer+parakeet,4,conformer,5,204
seamless_m4t+whisper_v3+conformer+parakeet,4,parakeet,1,8
seamless_m4t+whisper_v3+conformer+parakeet,4,parakeet,2,893
seamless_m4t+whisper_v3+conformer+parakeet,4,parakeet,3,99
seamless_m4t+whisper_v3+conformer+parakeet,4,sb,4,204
seamless_m4t+whisper_v3+conformer+parakeet,4,sb,5,793
seamless_m4t+whisper_v3+conformer+parakeet,4,sb,6,3
seamless_m4t+whisper_v3+conformer+parakeet,4,cohere,1,991
seamless_m4t+whisper_v3+conformer+parakeet,4,cohere,2,9
seamless_m4t+whisper_v3+conformer+sb,4,seamless_m4t,6,896
seamless_m4t+whisper_v3+conformer+sb,4,seamless_m4t,7,104
seamless_m4t+whisper_v3+conformer+sb,4,whisper_v3,5,3
seamless_m4t+whisper_v3+conformer+sb,4,whisper_v3,6,101
seamless_m4t+whisper_v3+conformer+sb,4,whisper_v3,7,896
seamless_m4t+whisper_v3+conformer+sb,4,canary,3,831
seamless_m4t+whisper_v3+conformer+sb,4,canary,4,169
seamless_m4t+whisper_v3+conformer+sb,4,conformer,3,169
seamless_m4t+whisper_v3+conformer+sb,4,conformer,4,831
seamless_m4t+whisper_v3+conformer+sb,4,parakeet,1,181
seamless_m4t+whisper_v3+conformer+sb,4,parakeet,2,819
seamless_m4t+whisper_v3+conformer+sb,4,sb,5,997
seamless_m4t+whisper_v3+conformer+sb,4,sb,6,3
seamless_m4t+whisper_v3+conformer+sb,4,cohere,1,819
seamless_m4t+whisper_v3+conformer+sb,4,cohere,2,181
seamless_m4t+whisper_v3+conformer+cohere,4,seamless_m4t,6,737
seamless_m4t+whisper_v3+conformer+cohere,4,seamless_m4t,7,263
seamless_m4t+whisper_v3+conformer+cohere,4,whisper_v3,6,263
seamless_m4t+whisper_v3+conformer+cohere,4,whisper_v3,7,737
seamless_m4t+whisper_v3+conformer+cohere,4,canary,2,24
seamless_m4t+whisper_v3+conformer+cohere,4,canary,3,975
seamless_m4t+whisper_v3+conformer+cohere,4,canary,4,1
seamless_m4t+whisper_v3+conformer+cohere,4,conformer,4,534
seamless_m4t+whisper_v3+conformer+cohere,4,conformer,5,466
seamless_m4t+whisper_v3+conformer+cohere,4,parakeet,1,985
seamless_m4t+whisper_v3+conformer+cohere,4,parakeet,2,15
seamless_m4t+whisper_v3+conformer+cohere,4,sb,3,1
seamless_m4t+whisper_v3+conformer+cohere,4,sb,4,465
seamless_m4t+whisper_v3+conformer+cohere,4,sb,5,534
seamless_m4t+whisper_v3+conformer+cohere,4,cohere,1,15
seamless_m4t+whisper_v3+conformer+cohere,4,cohere,2,961
seamless_m4t+whisper_v3+conformer+cohere,4,cohere,3,24
seamless_m4t+whisper_v3+parakeet+sb,4,seamless_m4t,5,38
seamless_m4t+whisper_v3+parakeet+sb,4,seamless_m4t,6,743
seamless_m4t+whisper_v3+parakeet+sb,4,seamless_m4t,7,219
seamless_m4t+whisper_v3+parakeet+sb,4,whisper_v3,5,69
seamless_m4t+whisper_v3+parakeet+sb,4,whisper_v3,6,155
seamless_m4t+whisper_v3+parakeet+sb,4,whisper_v3,7,776
seamless_m4t+whisper_v3+parakeet+sb,4,canary,2,294
seamless_m4t+whisper_v3+parakeet+sb,4,canary,3,563
seamless_m4t+whisper_v3+parakeet+sb,4,canary,4,143
seamless_m4t+whisper_v3+parakeet+sb,4,conformer,2,40
seamless_m4t+whisper_v3+parakeet+sb,4,conformer,3,142
seamless_m4t+whisper_v3+parakeet+sb,4,conformer,4,818
seamless_m4t+whisper_v3+parakeet+sb,4,parakeet,1,2
seamless_m4t+whisper_v3+parakeet+sb,4,parakeet,2,664
seamless_m4t+whisper_v3+parakeet+sb,4,parakeet,3,295
seamless_m4t+whisper_v3+parakeet+sb,4,parakeet,4,39
seamless_m4t+whisper_v3+parakeet+sb,4,sb,5,893
seamless_m4t+whisper_v3+parakeet+sb,4,sb,6,102
seamless_m4t+whisper_v3+parakeet+sb,4,sb,7,5
seamless_m4t+whisper_v3+parakeet+sb,4,cohere,1,998
seamless_m4t+whisper_v3+parakeet+sb,4,cohere,2,2
seamless_m4t+whisper_v3+parakeet+cohere,4,seamless_m4t,6,587
seamless_m4t+whisper_v3+parakeet+cohere,4,seamless_m4t,7,413
seamless_m4t+whisper_v3+parakeet+cohere,4,whisper_v3,5,40
seamless_m4t+whisper_v3+parakeet+cohere,4,whisper_v3,6,373
seamless_m4t+whisper_v3+parakeet+cohere,4,whisper_v3,7,587
seamless_m4t+whisper_v3+parakeet+cohere,4,canary,1,132
seamless_m4t+whisper_v3+parakeet+cohere,4,canary,2,171
seamless_m4t+whisper_v3+parakeet+cohere,4,canary,3,689
seamless_m4t+whisper_v3+parakeet+cohere,4,canary,4,8
seamless_m4t+whisper_v3+parakeet+cohere,4,conformer,2,2
seamless_m4t+whisper_v3+parakeet+cohere,4,conformer,3,6
seamless_m4t+whisper_v3+parakeet+cohere,4,conformer,4,990
seamless_m4t+whisper_v3+parakeet+cohere,4,conformer,5,2
seamless_m4t+whisper_v3+parakeet+cohere,4,parakeet,1,339
seamless_m4t+whisper_v3+parakeet+cohere,4,parakeet,2,477
seamless_m4t+whisper_v3+parakeet+cohere,4,parakeet,3,184
seamless_m4t+whisper_v3+parakeet+cohere,4,sb,4,2
seamless_m4t+whisper_v3+parakeet+cohere,4,sb,5,958
seamless_m4t+whisper_v3+parakeet+cohere,4,sb,6,40
seamless_m4t+whisper_v3+parakeet+cohere,4,cohere,1,529
seamless_m4t+whisper_v3+parakeet+cohere,4,cohere,2,350
seamless_m4t+whisper_v3+parakeet+cohere,4,cohere,3,121
seamless_m4t+whisper_v3+sb+cohere,4,seamless_m4t,5,1
seamless_m4t+whisper_v3+sb+cohere,4,seamless_m4t,6,763
seamless_m4t+whisper_v3+sb+cohere,4,seamless_m4t,7,236
seamless_m4t+whisper_v3+sb+cohere,4,whisper_v3,5,40
seamless_m4t+whisper_v3+sb+cohere,4,whisper_v3,6,196
seamless_m4t+whisper_v3+sb+cohere,4,whisper_v3,7,764
seamless_m4t+whisper_v3+sb+cohere,4,canary,2,5
seamless_m4t+whisper_v3+sb+cohere,4,canary,3,500
seamless_m4t+whisper_v3+sb+cohere,4,canary,4,495
seamless_m4t+whisper_v3+sb+cohere,4,conformer,2,3
seamless_m4t+whisper_v3+sb+cohere,4,conformer,3,492
seamless_m4t+whisper_v3+sb+cohere,4,conformer,4,505
seamless_m4t+whisper_v3+sb+cohere,4,parakeet,1,938
seamless_m4t+whisper_v3+sb+cohere,4,parakeet,2,62
seamless_m4t+whisper_v3+sb+cohere,4,sb,5,959
seamless_m4t+whisper_v3+sb+cohere,4,sb,6,41
seamless_m4t+whisper_v3+sb+cohere,4,cohere,1,62
seamless_m4t+whisper_v3+sb+cohere,4,cohere,2,930
seamless_m4t+whisper_v3+sb+cohere,4,cohere,3,8
seamless_m4t+canary+conformer+parakeet,4,seamless_m4t,6,591
seamless_m4t+canary+conformer+parakeet,4,seamless_m4t,7,409
seamless_m4t+canary+conformer+parakeet,4,whisper_v3,5,27
seamless_m4t+canary+conformer+parakeet,4,whisper_v3,6,382
seamless_m4t+canary+conformer+parakeet,4,whisper_v3,7,591
seamless_m4t+canary+conformer+parakeet,4,canary,3,1000
seamless_m4t+canary+conformer+parakeet,4,conformer,4,979
seamless_m4t+canary+conformer+parakeet,4,conformer,5,21
seamless_m4t+canary+conformer+parakeet,4,parakeet,1,698
seamless_m4t+canary+conformer+parakeet,4,parakeet,2,302
seamless_m4t+canary+conformer+parakeet,4,sb,4,21
seamless_m4t+canary+conformer+parakeet,4,sb,5,952
seamless_m4t+canary+conformer+parakeet,4,sb,6,27
seamless_m4t+canary+conformer+parakeet,4,cohere,1,302
seamless_m4t+canary+conformer+parakeet,4,cohere,2,698
seamless_m4t+canary+conformer+sb,4,seamless_m4t,6,637
seamless_m4t+canary+conformer+sb,4,seamless_m4t,7,363
seamless_m4t+canary+conformer+sb,4,whisper_v3,4,1
seamless_m4t+canary+conformer+sb,4,whisper_v3,5,24
seamless_m4t+canary+conformer+sb,4,whisper_v3,6,338
seamless_m4t+canary+conformer+sb,4,whisper_v3,7,637
seamless_m4t+canary+conformer+sb,4,canary,3,58
seamless_m4t+canary+conformer+sb,4,canary,4,936
seamless_m4t+canary+conformer+sb,4,canary,5,6
seamless_m4t+canary+conformer+sb,4,conformer,3,942
seamless_m4t+canary+conformer+sb,4,conformer,4,58
seamless_m4t+canary+conformer+sb,4,parakeet,1,577
seamless_m4t+canary+conformer+sb,4,parakeet,2,423
seamless_m4t+canary+conformer+sb,4,sb,4,5
seamless_m4t+canary+conformer+sb,4,sb,5,970
seamless_m4t+canary+conformer+sb,4,sb,6,25
seamless_m4t+canary+conformer+sb,4,cohere,1,423
seamless_m4t+canary+conformer+sb,4,cohere,2,577
seamless_m4t+canary+conformer+cohere,4,seamless_m4t,6,631
seamless_m4t+canary+conformer+cohere,4,seamless_m4t,7,369
seamless_m4t+canary+conformer+cohere,4,whisper_v3,4,4
seamless_m4t+canary+conformer+cohere,4,whisper_v3,5,12
seamless_m4t+canary+conformer+cohere,4,whisper_v3,6,353
seamless_m4t+canary+conformer+cohere,4,whisper_v3,7,631
seamless_m4t+canary+conformer+cohere,4,canary,3,944
seamless_m4t+canary+conformer+cohere,4,canary,4,53
seamless_m4t+canary+conformer+cohere,4,canary,5,3
seamless_m4t+canary+conformer+cohere,4,conformer,3,46
seamless_m4t+canary+conformer+cohere,4,conformer,4,810
seamless_m4t+canary+conformer+cohere,4,conformer,5,144
seamless_m4t+canary+conformer+cohere,4,parakeet,1,998
seamless_m4t+canary+conformer+cohere,4,parakeet,2,2
seamless_m4t+canary+conformer+cohere,4,sb,3,10
seamless_m4t+canary+conformer+cohere,4,sb,4,133
seamless_m4t+canary+conformer+cohere,4,sb,5,841
seamless_m4t+canary+conformer+cohere,4,sb,6,16
seamless_m4t+canary+conformer+cohere,4,cohere,1,2
seamless_m4t+canary+conformer+cohere,4,cohere,2,998
seamless_m4t+canary+parakeet+sb,4,seamless_m4t,5,10
seamless_m4t+canary+parakeet+sb,4,seamless_m4t,6,658
seamless_m4t+canary+parakeet+sb,4,seamless_m4t,7,332
seamless_m4t+canary+parakeet+sb,4,whisper_v3,5,110
seamless_m4t+canary+parakeet+sb,4,whisper_v3,6,223
seamless_m4t+canary+parakeet+sb,4,whisper_v3,7,667
seamless_m4t+canary+parakeet+sb,4,canary,3,977
seamless_m4t+canary+parakeet+sb,4,canary,4,23
seamless_m4t+canary+parakeet+sb,4,conformer,3,23
seamless_m4t+canary+parakeet+sb,4,conformer,4,977
seamless_m4t+canary+parakeet+sb,4,parakeet,1,522
seamless_m4t+canary+parakeet+sb,4,parakeet,2,478
seamless_m4t+canary+parakeet+sb,4,sb,5,880
seamless_m4t+canary+parakeet+sb,4,sb,6,119
seamless_m4t+canary+parakeet+sb,4,sb,7,1
seamless_m4t+canary+parakeet+sb,4,cohere,1,478
seamless_m4t+canary+parakeet+sb,4,cohere,2,522
seamless_m4t+canary+parakeet+cohere,4,seamless_m4t,6,468
seamless_m4t+canary+parakeet+cohere,4,seamless_m4t,7,532
seamless_m4t+canary+parakeet+cohere,4,whisper_v3,4,1
seamless_m4t+canary+parakeet+cohere,4,whisper_v3,5,72
seamless_m4t+canary+parakeet+cohere,4,whisper_v3,6,459
seamless_m4t+canary+parakeet+cohere,4,whisper_v3,7,468
seamless_m4t+canary+parakeet+cohere,4,canary,2,537
seamless_m4t+canary+parakeet+cohere,4,canary,3,462
seamless_m4t+canary+parakeet+cohere,4,canary,4,1
seamless_m4t+canary+parakeet+cohere,4,conformer,3,1
seamless_m4t+canary+parakeet+cohere,4,conformer,4,998
seamless_m4t+canary+parakeet+cohere,4,conformer,5,1
seamless_m4t+canary+parakeet+cohere,4,parakeet,1,999
seamless_m4t+canary+parakeet+cohere,4,parakeet,2,1
seamless_m4t+canary+parakeet+cohere,4,sb,5,927
seamless_m4t+canary+parakeet+cohere,4,sb,6,73
seamless_m4t+canary+parakeet+cohere,4,cohere,1,1
seamless_m4t+canary+parakeet+cohere,4,cohere,2,462
seamless_m4t+canary+parakeet+cohere,4,cohere,3,537
seamless_m4t+canary+sb+cohere,4,seamless_m4t,5,2
seamless_m4t+canary+sb+cohere,4,seamless_m4t,6,611
seamless_m4t+canary+sb+cohere,4,seamless_m4t,7,387
seamless_m4t+canary+sb+cohere,4,whisper_v3,3,1
seamless_m4t+canary+sb+cohere,4,whisper_v3,4,4
seamless_m4t+canary+sb+cohere,4,whisper_v3,5,78
seamless_m4t+canary+sb+cohere,4,whisper_v3,6,305
seamless_m4t+canary+sb+cohere,4,whisper_v3,7,612
seamless_m4t+canary+sb+cohere,4,canary,3,100
seamless_m4t+canary+sb+cohere,4,canary,4,896
seamless_m4t+canary+sb+cohere,4,canary,5,4
seamless_m4t+canary+sb+cohere,4,conformer,2,3
seamless_m4t+canary+sb+cohere,4,conformer,3,896
seamless_m4t+canary+sb+cohere,4,conformer,4,100
seamless_m4t+canary+sb+cohere,4,conformer,5,1
seamless_m4t+canary+sb+cohere,4,parakeet,1,993
seamless_m4t+canary+sb+cohere,4,parakeet,2,7
seamless_m4t+canary+sb+cohere,4,sb,5,915
seamless_m4t+canary+sb+cohere,4,sb,6,84
seamless_m4t+canary+sb+cohere,4,sb,7,1
seamless_m4t+canary+sb+cohere,4,cohere,1,7
seamless_m4t+canary+sb+cohere,4,cohere,2,990
seamless_m4t+canary+sb+cohere,4,cohere,3,3
seamless_m4t+conformer+parakeet+sb,4,seamless_m4t,6,587
seamless_m4t+conformer+parakeet+sb,4,seamless_m4t,7,413
seamless_m4t+conformer+parakeet+sb,4,whisper_v3,5,7
seamless_m4t+conformer+parakeet+sb,4,whisper_v3,6,406
seamless_m4t+conformer+parakeet+sb,4,whisper_v3,7,587
seamless_m4t+conformer+parakeet+sb,4,canary,2,17
seamless_m4t+conformer+parakeet+sb,4,canary,3,284
seamless_m4t+conformer+parakeet+sb,4,canary,4,699
seamless_m4t+conformer+parakeet+sb,4,conformer,2,26
seamless_m4t+conformer+parakeet+sb,4,conformer,3,677
seamless_m4t+conformer+parakeet+sb,4,conformer,4,297
seamless_m4t+conformer+parakeet+sb,4,parakeet,1,3
seamless_m4t+conformer+parakeet+sb,4,parakeet,2,954
seamless_m4t+conformer+parakeet+sb,4,parakeet,3,39
seamless_m4t+conformer+parakeet+sb,4,parakeet,4,4
seamless_m4t+conformer+parakeet+sb,4,sb,5,993
seamless_m4t+conformer+parakeet+sb,4,sb,6,7
seamless_m4t+conformer+parakeet+sb,4,cohere,1,997
seamless_m4t+conformer+parakeet+sb,4,cohere,2,3
seamless_m4t+conformer+parakeet+cohere,4,seamless_m4t,6,529
seamless_m4t+conformer+parakeet+cohere,4,seamless_m4t,7,471
seamless_m4t+conformer+parakeet+cohere,4,whisper_v3,5,4
seamless_m4t+conformer+parakeet+cohere,4,whisper_v3,6,467
seamless_m4t+conformer+parakeet+cohere,4,whisper_v3,7,529
seamless_m4t+conformer+parakeet+cohere,4,canary,1,3
seamless_m4t+conformer+parakeet+cohere,4,canary,2,16
seamless_m4t+conformer+parakeet+cohere,4,canary,3,943
seamless_m4t+conformer+parakeet+cohere,4,canary,4,38
seamless_m4t+conformer+parakeet+cohere,4,conformer,3,38
seamless_m4t+conformer+parakeet+cohere,4,conformer,4,924
seamless_m4t+conformer+parakeet+cohere,4,conformer,5,38
seamless_m4t+conformer+parakeet+cohere,4,parakeet,1,619
seamless_m4t+conformer+parakeet+cohere,4,parakeet,2,372
seamless_m4t+conformer+parakeet+cohere,4,parakeet,3,9
seamless_m4t+conformer+parakeet+cohere,4,sb,4,38
seamless_m4t+conformer+parakeet+cohere,4,sb,5,958
seamless_m4t+conformer+parakeet+cohere,4,sb,6,4
seamless_m4t+conformer+parakeet+cohere,4,cohere,1,378
seamless_m4t+conformer+parakeet+cohere,4,cohere,2,612
seamless_m4t+conformer+parakeet+cohere,4,cohere,3,10
seamless_m4t+conformer+sb+cohere,4,seamless_m4t,6,640
seamless_m4t+conformer+sb+cohere,4,seamless_m4t,7,360
seamless_m4t+conformer+sb+cohere,4,whisper_v3,5,2
seamless_m4t+conformer+sb+cohere,4,whisper_v3,6,358
seamless_m4t+conformer+sb+cohere,4,whisper_v3,7,640
seamless_m4t+conformer+sb+cohere,4,canary,3,120
seamless_m4t+conformer+sb+cohere,4,canary,4,807
seamless_m4t+conformer+sb+cohere,4,canary,5,73
seamless_m4t+conformer+sb+cohere,4,conformer,2,2
seamless_m4t+conformer+sb+cohere,4,conformer,3,878
seamless_m4t+conformer+sb+cohere,4,conformer,4,120
seamless_m4t+conformer+sb+cohere,4,parakeet,1,895
seamless_m4t+conformer+sb+cohere,4,parakeet,2,105
seamless_m4t+conformer+sb+cohere,4,sb,4,73
seamless_m4t+conformer+sb+cohere,4,sb,5,925
seamless_m4t+conformer+sb+cohere,4,sb,6,2
seamless_m4t+conformer+sb+cohere,4,cohere,1,105
seamless_m4t+conformer+sb+cohere,4,cohere,2,893
seamless_m4t+conformer+sb+cohere,4,cohere,3,2
seamless_m4t+parakeet+sb+cohere,4,seamless_m4t,6,529
seamless_m4t+parakeet+sb+cohere,4,seamless_m4t,7,471
seamless_m4t+parakeet+sb+cohere,4,whisper_v3,5,49
seamless_m4t+parakeet+sb+cohere,4,whisper_v3,6,422
seamless_m4t+parakeet+sb+cohere,4,whisper_v3,7,529
seamless_m4t+parakeet+sb+cohere,4,canary,1,2
seamless_m4t+parakeet+sb+cohere,4,canary,2,24
seamless_m4t+parakeet+sb+cohere,4,canary,3,519
seamless_m4t+parakeet+sb+cohere,4,canary,4,455
seamless_m4t+parakeet+sb+cohere,4,conformer,1,2
seamless_m4t+parakeet+sb+cohere,4,conformer,2,19
seamless_m4t+parakeet+sb+cohere,4,conformer,3,438
seamless_m4t+parakeet+sb+cohere,4,conformer,4,541
seamless_m4t+parakeet+sb+cohere,4,parakeet,1,118
seamless_m4t+parakeet+sb+cohere,4,parakeet,2,837
seamless_m4t+parakeet+sb+cohere,4,parakeet,3,41
seamless_m4t+parakeet+sb+cohere,4,parakeet,4,4
seamless_m4t+parakeet+sb+cohere,4,sb,5,951
seamless_m4t+parakeet+sb+cohere,4,sb,6,49
seamless_m4t+parakeet+sb+cohere,4,cohere,1,878
seamless_m4t+parakeet+sb+cohere,4,cohere,2,120
seamless_m4t+parakeet+sb+cohere,4,cohere,3,2
whisper_v3+canary+conformer+parakeet,4,seamless_m4t,5,1
whisper_v3+canary+conformer+parakeet,4,seamless_m4t,6,782
whisper_v3+canary+conformer+parakeet,4,seamless_m4t,7,217
whisper_v3+canary+conformer+parakeet,4,whisper_v3,5,13
whisper_v3+canary+conformer+parakeet,4,whisper_v3,6,204
whisper_v3+canary+conformer+parakeet,4,whisper_v3,7,783
whisper_v3+canary+conformer+parakeet,4,canary,3,1000
whisper_v3+canary+conformer+parakeet,4,conformer,4,981
whisper_v3+canary+conformer+parakeet,4,conformer,5,19
whisper_v3+canary+conformer+parakeet,4,parakeet,1,604
whisper_v3+canary+conformer+parakeet,4,parakeet,2,396
whisper_v3+canary+conformer+parakeet,4,sb,4,19
whisper_v3+canary+conformer+parakeet,4,sb,5,967
whisper_v3+canary+conformer+parakeet,4,sb,6,14
whisper_v3+canary+conformer+parakeet,4,cohere,1,396
whisper_v3+canary+conformer+parakeet,4,cohere,2,604
whisper_v3+canary+conformer+sb,4,seamless_m4t,5,15
whisper_v3+canary+conformer+sb,4,seamless_m4t,6,908
whisper_v3+canary+conformer+sb,4,seamless_m4t,7,77
whisper_v3+canary+conformer+sb,4,whisper_v3,5,11
whisper_v3+canary+conformer+sb,4,whisper_v3,6,66
whisper_v3+canary+conformer+sb,4,whisper_v3,7,923
whisper_v3+canary+conformer+sb,4,canary,3,263
whisper_v3+canary+conformer+sb,4,canary,4,737
whisper_v3+canary+conformer+sb,4,conformer,3,737
whisper_v3+canary+conformer+sb,4,conformer,4,263
whisper_v3+canary+conformer+sb,4,parakeet,1,552
whisper_v3+canary+conformer+sb,4,parakeet,2,448
whisper_v3+canary+conformer+sb,4,sb,5,974
whisper_v3+canary+conformer+sb,4,sb,6,26
whisper_v3+canary+conformer+sb,4,cohere,1,448
whisper_v3+canary+conformer+sb,4,cohere,2,552
whisper_v3+canary+conformer+cohere,4,seamless_m4t,6,697
whisper_v3+canary+conformer+cohere,4,seamless_m4t,7,303
whisper_v3+canary+conformer+cohere,4,whisper_v3,4,1
whisper_v3+canary+conformer+cohere,4,whisper_v3,5,28
whisper_v3+canary+conformer+cohere,4,whisper_v3,6,274
whisper_v3+canary+conformer+cohere,4,whisper_v3,7,697
whisper_v3+canary+conformer+cohere,4,canary,3,983
whisper_v3+canary+conformer+cohere,4,canary,4,17
whisper_v3+canary+conformer+cohere,4,conformer,3,17
whisper_v3+canary+conformer+cohere,4,conformer,4,973
whisper_v3+canary+conformer+cohere,4,conformer,5,10
whisper_v3+canary+conformer+cohere,4,parakeet,1,971
whisper_v3+canary+conformer+cohere,4,parakeet,2,29
whisper_v3+canary+conformer+cohere,4,sb,4,9
whisper_v3+canary+conformer+cohere,4,sb,5,962
whisper_v3+canary+conformer+cohere,4,sb,6,29
whisper_v3+canary+conformer+cohere,4,cohere,1,29
whisper_v3+canary+conformer+cohere,4,cohere,2,971
whisper_v3+canary+parakeet+sb,4,seamless_m4t,5,59
whisper_v3+canary+parakeet+sb,4,seamless_m4t,6,714
whisper_v3+canary+parakeet+sb,4,seamless_m4t,7,227
whisper_v3+canary+parakeet+sb,4,whisper_v3,5,98
whisper_v3+canary+parakeet+sb,4,whisper_v3,6,145
whisper_v3+canary+parakeet+sb,4,whisper_v3,7,757
whisper_v3+canary+parakeet+sb,4,canary,2,1
whisper_v3+canary+parakeet+sb,4,canary,3,991
whisper_v3+canary+parakeet+sb,4,canary,4,8
whisper_v3+canary+parakeet+sb,4,conformer,3,8
whisper_v3+canary+parakeet+sb,4,conformer,4,992
whisper_v3+canary+parakeet+sb,4,parakeet,1,552
whisper_v3+canary+parakeet+sb,4,parakeet,2,448
whisper_v3+canary+parakeet+sb,4,sb,5,843
whisper_v3+canary+parakeet+sb,4,sb,6,141
whisper_v3+canary+parakeet+sb,4,sb,7,16
whisper_v3+canary+parakeet+sb,4,cohere,1,448
whisper_v3+canary+parakeet+sb,4,cohere,2,551
whisper_v3+canary+parakeet+sb,4,cohere,3,1
whisper_v3+canary+parakeet+cohere,4,seamless_m4t,6,738
whisper_v3+canary+parakeet+cohere,4,seamless_m4t,7,262
whisper_v3+canary+parakeet+cohere,4,whisper_v3,5,44
whisper_v3+canary+parakeet+cohere,4,whisper_v3,6,218
whisper_v3+canary+parakeet+cohere,4,whisper_v3,7,738
whisper_v3+canary+parakeet+cohere,4,canary,2,91
whisper_v3+canary+parakeet+cohere,4,canary,3,908
whisper_v3+canary+parakeet+cohere,4,canary,4,1
whisper_v3+canary+parakeet+cohere,4,conformer,3,1
whisper_v3+canary+parakeet+cohere,4,conformer,4,998
whisper_v3+canary+parakeet+cohere,4,conformer,5,1
whisper_v3+canary+parakeet+cohere,4,parakeet,1,997
whisper_v3+canary+parakeet+cohere,4,parakeet,2,3
whisper_v3+canary+parakeet+cohere,4,sb,4,1
whisper_v3+canary+parakeet+cohere,4,sb,5,955
whisper_v3+canary+parakeet+cohere,4,sb,6,44
whisper_v3+canary+parakeet+cohere,4,cohere,1,3
whisper_v3+canary+parakeet+cohere,4,cohere,2,906
whisper_v3+canary+parakeet+cohere,4,cohere,3,91
whisper_v3+canary+sb+cohere,4,seamless_m4t,5,8
whisper_v3+canary+sb+cohere,4,seamless_m4t,6,699
whisper_v3+canary+sb+cohere,4,seamless_m4t,7,293
whisper_v3+canary+sb+cohere,4,whisper_v3,5,69
whisper_v3+canary+sb+cohere,4,whisper_v3,6,227
whisper_v3+canary+sb+cohere,4,whisper_v3,7,704
whisper_v3+canary+sb+cohere,4,canary,3,723
whisper_v3+canary+sb+cohere,4,canary,4,277
whisper_v3+canary+sb+cohere,4,conformer,3,277
whisper_v3+canary+sb+cohere,4,conformer,4,722
whisper_v3+canary+sb+cohere,4,conformer,5,1
whisper_v3+canary+sb+cohere,4,parakeet,1,561
whisper_v3+canary+sb+cohere,4,parakeet,2,439
whisper_v3+canary+sb+cohere,4,sb,4,1
whisper_v3+canary+sb+cohere,4,sb,5,922
whisper_v3+canary+sb+cohere,4,sb,6,74
whisper_v3+canary+sb+cohere,4,sb,7,3
whisper_v3+canary+sb+cohere,4,cohere,1,439
whisper_v3+canary+sb+cohere,4,cohere,2,561
whisper_v3+conformer+parakeet+sb,4,seamless_m4t,6,868
whisper_v3+conformer+parakeet+sb,4,seamless_m4t,7,132
whisper_v3+conformer+parakeet+sb,4,whisper_v3,5,1
whisper_v3+conformer+parakeet+sb,4,whisper_v3,6,131
whisper_v3+conformer+parakeet+sb,4,whisper_v3,7,868
whisper_v3+conformer+parakeet+sb,4,canary,2,1
whisper_v3+conformer+parakeet+sb,4,canary,3,531
whisper_v3+conformer+parakeet+sb,4,canary,4,468
whisper_v3+conformer+parakeet+sb,4,conformer,3,468
whisper_v3+conformer+parakeet+sb,4,conformer,4,532
whisper_v3+conformer+parakeet+sb,4,parakeet,1,10
whisper_v3+conformer+parakeet+sb,4,parakeet,2,989
whisper_v3+conformer+parakeet+sb,4,parakeet,3,1
whisper_v3+conformer+parakeet+sb,4,sb,5,999
whisper_v3+conformer+parakeet+sb,4,sb,6,1
whisper_v3+conformer+parakeet+sb,4,cohere,1,990
whisper_v3+conformer+parakeet+sb,4,cohere,2,10
whisper_v3+conformer+parakeet+cohere,4,seamless_m4t,6,677
whisper_v3+conformer+parakeet+cohere,4,seamless_m4t,7,323
whisper_v3+conformer+parakeet+cohere,4,whisper_v3,5,3
whisper_v3+conformer+parakeet+cohere,4,whisper_v3,6,320
whisper_v3+conformer+parakeet+cohere,4,whisper_v3,7,677
whisper_v3+conformer+parakeet+cohere,4,canary,3,997
whisper_v3+conformer+parakeet+cohere,4,canary,4,3
whisper_v3+conformer+parakeet+cohere,4,conformer,3,3
whisper_v3+conformer+parakeet+cohere,4,conformer,4,974
whisper_v3+conformer+parakeet+cohere,4,conformer,5,23
whisper_v3+conformer+parakeet+cohere,4,parakeet,1,493
whisper_v3+conformer+parakeet+cohere,4,parakeet,2,507
whisper_v3+conformer+parakeet+cohere,4,sb,4,23
whisper_v3+conformer+parakeet+cohere,4,sb,5,974
whisper_v3+conformer+parakeet+cohere,4,sb,6,3
whisper_v3+conformer+parakeet+cohere,4,cohere,1,507
whisper_v3+conformer+parakeet+cohere,4,cohere,2,493
whisper_v3+conformer+sb+cohere,4,seamless_m4t,6,876
whisper_v3+conformer+sb+cohere,4,seamless_m4t,7,124
whisper_v3+conformer+sb+cohere,4,whisper_v3,6,124
whisper_v3+conformer+sb+cohere,4,whisper_v3,7,876
whisper_v3+conformer+sb+cohere,4,canary,3,283
whisper_v3+conformer+sb+cohere,4,canary,4,709
whisper_v3+conformer+sb+cohere,4,canary,5,8
whisper_v3+conformer+sb+cohere,4,conformer,3,717
whisper_v3+conformer+sb+cohere,4,conformer,4,283
whisper_v3+conformer+sb+cohere,4,parakeet,1,664
whisper_v3+conformer+sb+cohere,4,parakeet,2,336
whisper_v3+conformer+sb+cohere,4,sb,4,8
whisper_v3+conformer+sb+cohere,4,sb,5,992
whisper_v3+conformer+sb+cohere,4,cohere,1,336
whisper_v3+conformer+sb+cohere,4,cohere,2,664
whisper_v3+parakeet+sb+cohere,4,seamless_m4t,6,717
whisper_v3+parakeet+sb+cohere,4,seamless_m4t,7,283
whisper_v3+parakeet+sb+cohere,4,whisper_v3,5,25
whisper_v3+parakeet+sb+cohere,4,whisper_v3,6,258
whisper_v3+parakeet+sb+cohere,4,whisper_v3,7,717
whisper_v3+parakeet+sb+cohere,4,canary,3,594
whisper_v3+parakeet+sb+cohere,4,canary,4,406
whisper_v3+parakeet+sb+cohere,4,conformer,3,406
whisper_v3+parakeet+sb+cohere,4,conformer,4,594
whisper_v3+parakeet+sb+cohere,4,parakeet,1,21
whisper_v3+parakeet+sb+cohere,4,parakeet,2,979
whisper_v3+parakeet+sb+cohere,4,sb,5,975
whisper_v3+parakeet+sb+cohere,4,sb,6,25
whisper_v3+parakeet+sb+cohere,4,cohere,1,979
whisper_v3+parakeet+sb+cohere,4,cohere,2,21
canary+conformer+parakeet+sb,4,seamless_m4t,6,689
canary+conformer+parakeet+sb,4,seamless_m4t,7,311
canary+conformer+parakeet+sb,4,whisper_v3,5,25
canary+conformer+parakeet+sb,4,whisper_v3,6,286
canary+conformer+parakeet+sb,4,whisper_v3,7,689
canary+conformer+parakeet+sb,4,canary,3,562
canary+conformer+parakeet+sb,4,canary,4,438
canary+conformer+parakeet+sb,4,conformer,3,438
canary+conformer+parakeet+sb,4,conformer,4,562
canary+conformer+parakeet+sb,4,parakeet,1,184
canary+conformer+parakeet+sb,4,parakeet,2,816
canary+conformer+parakeet+sb,4,sb,5,975
canary+conformer+parakeet+sb,4,sb,6,25
canary+conformer+parakeet+sb,4,cohere,1,816
canary+conformer+parakeet+sb,4,cohere,2,184
canary+conformer+parakeet+cohere,4,seamless_m4t,6,590
canary+conformer+parakeet+cohere,4,seamless_m4t,7,410
canary+conformer+parakeet+cohere,4,whisper_v3,5,20
canary+conformer+parakeet+cohere,4,whisper_v3,6,390
canary+conformer+parakeet+cohere,4,whisper_v3,7,590
canary+conformer+parakeet+cohere,4,canary,2,4
canary+conformer+parakeet+cohere,4,canary,3,994
canary+conformer+parakeet+cohere,4,canary,4,2
canary+conformer+parakeet+cohere,4,conformer,3,2
canary+conformer+parakeet+cohere,4,conformer,4,907
canary+conformer+parakeet+cohere,4,conformer,5,91
canary+conformer+parakeet+cohere,4,parakeet,1,1000
canary+conformer+parakeet+cohere,4,sb,4,91
canary+conformer+parakeet+cohere,4,sb,5,889
canary+conformer+parakeet+cohere,4,sb,6,20
canary+conformer+parakeet+cohere,4,cohere,2,996
canary+conformer+parakeet+cohere,4,cohere,3,4
canary+conformer+sb+cohere,4,seamless_m4t,6,648
canary+conformer+sb+cohere,4,seamless_m4t,7,352
canary+conformer+sb+cohere,4,whisper_v3,4,2
canary+conformer+sb+cohere,4,whisper_v3,5,16
canary+conformer+sb+cohere,4,whisper_v3,6,334
canary+conformer+sb+cohere,4,whisper_v3,7,648
canary+conformer+sb+cohere,4,canary,3,22
canary+conformer+sb+cohere,4,canary,4,924
canary+conformer+sb+cohere,4,canary,5,54
canary+conformer+sb+cohere,4,conformer,3,978
canary+conformer+sb+cohere,4,conformer,4,22
canary+conformer+sb+cohere,4,parakeet,1,997
canary+conformer+sb+cohere,4,parakeet,2,3
canary+conformer+sb+cohere,4,sb,4,52
canary+conformer+sb+cohere,4,sb,5,930
canary+conformer+sb+cohere,4,sb,6,18
canary+conformer+sb+cohere,4,cohere,1,3
canary+conformer+sb+cohere,4,cohere,2,997
canary+parakeet+sb+cohere,4,seamless_m4t,5,1
canary+parakeet+sb+cohere,4,seamless_m4t,6,610
canary+parakeet+sb+cohere,4,seamless_m4t,7,389
canary+parakeet+sb+cohere,4,whisper_v3,5,65
canary+parakeet+sb+cohere,4,whisper_v3,6,324
canary+parakeet+sb+cohere,4,whisper_v3,7,611
canary+parakeet+sb+cohere,4,canary,3,876
canary+parakeet+sb+cohere,4,canary,4,124
canary+parakeet+sb+cohere,4,conformer,3,124
canary+parakeet+sb+cohere,4,conformer,4,876
canary+parakeet+sb+cohere,4,parakeet,1,952
canary+parakeet+sb+cohere,4,parakeet,2,48
canary+parakeet+sb+cohere,4,sb,5,934
canary+parakeet+sb+cohere,4,sb,6,66
canary+parakeet+sb+cohere,4,cohere,1,48
canary+parakeet+sb+cohere,4,cohere,2,952
conformer+parakeet+sb+cohere,4,seamless_m4t,6,633
conformer+parakeet+sb+cohere,4,seamless_m4t,7,367
conformer+parakeet+sb+cohere,4,whisper_v3,5,10
conformer+parakeet+sb+cohere,4,whisper_v3,6,357
conformer+parakeet+sb+cohere,4,whisper_v3,7,633
conformer+parakeet+sb+cohere,4,canary,2,2
conformer+parakeet+sb+cohere,4,canary,3,283
conformer+parakeet+sb+cohere,4,canary,4,714
conformer+parakeet+sb+cohere,4,canary,5,1
conformer+parakeet+sb+cohere,4,conformer,3,715
conformer+parakeet+sb+cohere,4,conformer,4,285
conformer+parakeet+sb+cohere,4,parakeet,1,147
conformer+parakeet+sb+cohere,4,parakeet,2,851
conformer+parakeet+sb+cohere,4,parakeet,3,2
conformer+parakeet+sb+cohere,4,sb,4,1
conformer+parakeet+sb+cohere,4,sb,5,989
conformer+parakeet+sb+cohere,4,sb,6,10
conformer+parakeet+sb+cohere,4,cohere,1,853
conformer+parakeet+sb+cohere,4,cohere,2,147
seamless_m4t+whisper_v3+canary+conformer+parakeet,5,seamless_m4t,6,760
seamless_m4t+whisper_v3+canary+conformer+parakeet,5,seamless_m4t,7,240
seamless_m4t+whisper_v3+canary+conformer+parakeet,5,whisper_v3,4,1
seamless_m4t+whisper_v3+canary+conformer+parakeet,5,whisper_v3,5,3
seamless_m4t+whisper_v3+canary+conformer+parakeet,5,whisper_v3,6,236
seamless_m4t+whisper_v3+canary+conformer+parakeet,5,whisper_v3,7,760
seamless_m4t+whisper_v3+canary+conformer+parakeet,5,canary,3,999
seamless_m4t+whisper_v3+canary+conformer+parakeet,5,canary,4,1
seamless_m4t+whisper_v3+canary+conformer+parakeet,5,conformer,3,1
seamless_m4t+whisper_v3+canary+conformer+parakeet,5,conformer,4,896
seamless_m4t+whisper_v3+canary+conformer+parakeet,5,conformer,5,103
seamless_m4t+whisper_v3+canary+conformer+parakeet,5,parakeet,1,160
seamless_m4t+whisper_v3+canary+conformer+parakeet,5,parakeet,2,840
seamless_m4t+whisper_v3+canary+conformer+parakeet,5,sb,4,102
seamless_m4t+whisper_v3+canary+conformer+parakeet,5,sb,5,894
seamless_m4t+whisper_v3+canary+conformer+parakeet,5,sb,6,4
seamless_m4t+whisper_v3+canary+conformer+parakeet,5,cohere,1,840
seamless_m4t+whisper_v3+canary+conformer+parakeet,5,cohere,2,160
seamless_m4t+whisper_v3+canary+conformer+sb,5,seamless_m4t,5,3
seamless_m4t+whisper_v3+canary+conformer+sb,5,seamless_m4t,6,853
seamless_m4t+whisper_v3+canary+conformer+sb,5,seamless_m4t,7,144
seamless_m4t+whisper_v3+canary+conformer+sb,5,whisper_v3,5,17
seamless_m4t+whisper_v3+canary+conformer+sb,5,whisper_v3,6,129
seamless_m4t+whisper_v3+canary+conformer+sb,5,whisper_v3,7,854
seamless_m4t+whisper_v3+canary+conformer+sb,5,canary,3,561
seamless_m4t+whisper_v3+canary+conformer+sb,5,canary,4,439
seamless_m4t+whisper_v3+canary+conformer+sb,5,conformer,3,439
seamless_m4t+whisper_v3+canary+conformer+sb,5,conformer,4,560
seamless_m4t+whisper_v3+canary+conformer+sb,5,conformer,5,1
seamless_m4t+whisper_v3+canary+conformer+sb,5,parakeet,1,692
seamless_m4t+whisper_v3+canary+conformer+sb,5,parakeet,2,308
seamless_m4t+whisper_v3+canary+conformer+sb,5,sb,4,1
seamless_m4t+whisper_v3+canary+conformer+sb,5,sb,5,979
seamless_m4t+whisper_v3+canary+conformer+sb,5,sb,6,18
seamless_m4t+whisper_v3+canary+conformer+sb,5,sb,7,2
seamless_m4t+whisper_v3+canary+conformer+sb,5,cohere,1,308
seamless_m4t+whisper_v3+canary+conformer+sb,5,cohere,2,692
seamless_m4t+whisper_v3+canary+conformer+cohere,5,seamless_m4t,6,725
seamless_m4t+whisper_v3+canary+conformer+cohere,5,seamless_m4t,7,275
seamless_m4t+whisper_v3+canary+conformer+cohere,5,whisper_v3,5,11
seamless_m4t+whisper_v3+canary+conformer+cohere,5,whisper_v3,6,264
seamless_m4t+whisper_v3+canary+conformer+cohere,5,whisper_v3,7,725
seamless_m4t+whisper_v3+canary+conformer+cohere,5,canary,3,965
seamless_m4t+whisper_v3+canary+conformer+cohere,5,canary,4,33
seamless_m4t+whisper_v3+canary+conformer+cohere,5,canary,5,2
seamless_m4t+whisper_v3+canary+conformer+cohere,5,conformer,3,33
seamless_m4t+whisper_v3+canary+conformer+cohere,5,conformer,4,910
seamless_m4t+whisper_v3+canary+conformer+cohere,5,conformer,5,57
seamless_m4t+whisper_v3+canary+conformer+cohere,5,parakeet,1,1000
seamless_m4t+whisper_v3+canary+conformer+cohere,5,sb,3,2
seamless_m4t+whisper_v3+canary+conformer+cohere,5,sb,4,57
seamless_m4t+whisper_v3+canary+conformer+cohere,5,sb,5,930
seamless_m4t+whisper_v3+canary+conformer+cohere,5,sb,6,11
seamless_m4t+whisper_v3+canary+conformer+cohere,5,cohere,2,1000
seamless_m4t+whisper_v3+canary+parakeet+sb,5,seamless_m4t,5,21
seamless_m4t+whisper_v3+canary+parakeet+sb,5,seamless_m4t,6,718
seamless_m4t+whisper_v3+canary+parakeet+sb,5,seamless_m4t,7,261
seamless_m4t+whisper_v3+canary+parakeet+sb,5,whisper_v3,5,79
seamless_m4t+whisper_v3+canary+parakeet+sb,5,whisper_v3,6,188
seamless_m4t+whisper_v3+canary+parakeet+sb,5,whisper_v3,7,733
seamless_m4t+whisper_v3+canary+parakeet+sb,5,canary,3,889
seamless_m4t+whisper_v3+canary+parakeet+sb,5,canary,4,111
seamless_m4t+whisper_v3+canary+parakeet+sb,5,conformer,3,111
seamless_m4t+whisper_v3+canary+parakeet+sb,5,conformer,4,889
seamless_m4t+whisper_v3+canary+parakeet+sb,5,parakeet,1,130
seamless_m4t+whisper_v3+canary+parakeet+sb,5,parakeet,2,870
seamless_m4t+whisper_v3+canary+parakeet+sb,5,sb,5,900
seamless_m4t+whisper_v3+canary+parakeet+sb,5,sb,6,94
seamless_m4t+whisper_v3+canary+parakeet+sb,5,sb,7,6
seamless_m4t+whisper_v3+canary+parakeet+sb,5,cohere,1,870
seamless_m4t+whisper_v3+canary+parakeet+sb,5,cohere,2,130
seamless_m4t+whisper_v3+canary+parakeet+cohere,5,seamless_m4t,5,2
seamless_m4t+whisper_v3+canary+parakeet+cohere,5,seamless_m4t,6,609
seamless_m4t+whisper_v3+canary+parakeet+cohere,5,seamless_m4t,7,389
seamless_m4t+whisper_v3+canary+parakeet+cohere,5,whisper_v3,5,52
seamless_m4t+whisper_v3+canary+parakeet+cohere,5,whisper_v3,6,337
seamless_m4t+whisper_v3+canary+parakeet+cohere,5,whisper_v3,7,611
seamless_m4t+whisper_v3+canary+parakeet+cohere,5,canary,1,1
seamless_m4t+whisper_v3+canary+parakeet+cohere,5,canary,2,45
seamless_m4t+whisper_v3+canary+parakeet+cohere,5,canary,3,942
seamless_m4t+whisper_v3+canary+parakeet+cohere,5,canary,4,12
seamless_m4t+whisper_v3+canary+parakeet+cohere,5,conformer,3,12
seamless_m4t+whisper_v3+canary+parakeet+cohere,5,conformer,4,988
seamless_m4t+whisper_v3+canary+parakeet+cohere,5,parakeet,1,923
seamless_m4t+whisper_v3+canary+parakeet+cohere,5,parakeet,2,76
seamless_m4t+whisper_v3+canary+parakeet+cohere,5,parakeet,3,1
seamless_m4t+whisper_v3+canary+parakeet+cohere,5,sb,5,946
seamless_m4t+whisper_v3+canary+parakeet+cohere,5,sb,6,54
seamless_m4t+whisper_v3+canary+parakeet+cohere,5,cohere,1,76
seamless_m4t+whisper_v3+canary+parakeet+cohere,5,cohere,2,879
seamless_m4t+whisper_v3+canary+parakeet+cohere,5,cohere,3,45
seamless_m4t+whisper_v3+canary+sb+cohere,5,seamless_m4t,5,6
seamless_m4t+whisper_v3+canary+sb+cohere,5,seamless_m4t,6,711
seamless_m4t+whisper_v3+canary+sb+cohere,5,seamless_m4t,7,283
seamless_m4t+whisper_v3+canary+sb+cohere,5,whisper_v3,5,70
seamless_m4t+whisper_v3+canary+sb+cohere,5,whisper_v3,6,214
seamless_m4t+whisper_v3+canary+sb+cohere,5,whisper_v3,7,716
seamless_m4t+whisper_v3+canary+sb+cohere,5,canary,3,365
seamless_m4t+whisper_v3+canary+sb+cohere,5,canary,4,635
seamless_m4t+whisper_v3+canary+sb+cohere,5,conformer,3,635
seamless_m4t+whisper_v3+canary+sb+cohere,5,conformer,4,365
seamless_m4t+whisper_v3+canary+sb+cohere,5,parakeet,1,989
seamless_m4t+whisper_v3+canary+sb+cohere,5,parakeet,2,11
seamless_m4t+whisper_v3+canary+sb+cohere,5,sb,5,924
seamless_m4t+whisper_v3+canary+sb+cohere,5,sb,6,75
seamless_m4t+whisper_v3+canary+sb+cohere,5,sb,7,1
seamless_m4t+whisper_v3+canary+sb+cohere,5,cohere,1,11
seamless_m4t+whisper_v3+canary+sb+cohere,5,cohere,2,989
seamless_m4t+whisper_v3+conformer+parakeet+sb,5,seamless_m4t,6,826
seamless_m4t+whisper_v3+conformer+parakeet+sb,5,seamless_m4t,7,174
seamless_m4t+whisper_v3+conformer+parakeet+sb,5,whisper_v3,5,10
seamless_m4t+whisper_v3+conformer+parakeet+sb,5,whisper_v3,6,164
seamless_m4t+whisper_v3+conformer+parakeet+sb,5,whisper_v3,7,826
seamless_m4t+whisper_v3+conformer+parakeet+sb,5,canary,2,9
seamless_m4t+whisper_v3+conformer+parakeet+sb,5,canary,3,875
seamless_m4t+whisper_v3+conformer+parakeet+sb,5,canary,4,116
seamless_m4t+whisper_v3+conformer+parakeet+sb,5,conformer,3,116
seamless_m4t+whisper_v3+conformer+parakeet+sb,5,conformer,4,884
seamless_m4t+whisper_v3+conformer+parakeet+sb,5,parakeet,1,9
seamless_m4t+whisper_v3+conformer+parakeet+sb,5,parakeet,2,982
seamless_m4t+whisper_v3+conformer+parakeet+sb,5,parakeet,3,9
seamless_m4t+whisper_v3+conformer+parakeet+sb,5,sb,5,990
seamless_m4t+whisper_v3+conformer+parakeet+sb,5,sb,6,10
seamless_m4t+whisper_v3+conformer+parakeet+sb,5,cohere,1,991
seamless_m4t+whisper_v3+conformer+parakeet+sb,5,cohere,2,9
seamless_m4t+whisper_v3+conformer+parakeet+cohere,5,seamless_m4t,6,664
seamless_m4t+whisper_v3+conformer+parakeet+cohere,5,seamless_m4t,7,336
seamless_m4t+whisper_v3+conformer+parakeet+cohere,5,whisper_v3,4,1
seamless_m4t+whisper_v3+conformer+parakeet+cohere,5,whisper_v3,5,5
seamless_m4t+whisper_v3+conformer+parakeet+cohere,5,whisper_v3,6,330
seamless_m4t+whisper_v3+conformer+parakeet+cohere,5,whisper_v3,7,664
seamless_m4t+whisper_v3+conformer+parakeet+cohere,5,canary,1,21
seamless_m4t+whisper_v3+conformer+parakeet+cohere,5,canary,2,77
seamless_m4t+whisper_v3+conformer+parakeet+cohere,5,canary,3,901
seamless_m4t+whisper_v3+conformer+parakeet+cohere,5,canary,4,1
seamless_m4t+whisper_v3+conformer+parakeet+cohere,5,conformer,3,1
seamless_m4t+whisper_v3+conformer+parakeet+cohere,5,conformer,4,957
seamless_m4t+whisper_v3+conformer+parakeet+cohere,5,conformer,5,42
seamless_m4t+whisper_v3+conformer+parakeet+cohere,5,parakeet,1,261
seamless_m4t+whisper_v3+conformer+parakeet+cohere,5,parakeet,2,670
seamless_m4t+whisper_v3+conformer+parakeet+cohere,5,parakeet,3,69
seamless_m4t+whisper_v3+conformer+parakeet+cohere,5,sb,4,41
seamless_m4t+whisper_v3+conformer+parakeet+cohere,5,sb,5,953
seamless_m4t+whisper_v3+conformer+parakeet+cohere,5,sb,6,6
seamless_m4t+whisper_v3+conformer+parakeet+cohere,5,cohere,1,718
seamless_m4t+whisper_v3+conformer+parakeet+cohere,5,cohere,2,253
seamless_m4t+whisper_v3+conformer+parakeet+cohere,5,cohere,3,29
seamless_m4t+whisper_v3+conformer+sb+cohere,5,seamless_m4t,6,787
seamless_m4t+whisper_v3+conformer+sb+cohere,5,seamless_m4t,7,213
seamless_m4t+whisper_v3+conformer+sb+cohere,5,whisper_v3,5,6
seamless_m4t+whisper_v3+conformer+sb+cohere,5,whisper_v3,6,207
seamless_m4t+whisper_v3+conformer+sb+cohere,5,whisper_v3,7,787
seamless_m4t+whisper_v3+conformer+sb+cohere,5,canary,2,1
seamless_m4t+whisper_v3+conformer+sb+cohere,5,canary,3,789
seamless_m4t+whisper_v3+conformer+sb+cohere,5,canary,4,209
seamless_m4t+whisper_v3+conformer+sb+cohere,5,canary,5,1
seamless_m4t+whisper_v3+conformer+sb+cohere,5,conformer,3,210
seamless_m4t+whisper_v3+conformer+sb+cohere,5,conformer,4,784
seamless_m4t+whisper_v3+conformer+sb+cohere,5,conformer,5,6
seamless_m4t+whisper_v3+conformer+sb+cohere,5,parakeet,1,692
seamless_m4t+whisper_v3+conformer+sb+cohere,5,parakeet,2,308
seamless_m4t+whisper_v3+conformer+sb+cohere,5,sb,4,7
seamless_m4t+whisper_v3+conformer+sb+cohere,5,sb,5,987
seamless_m4t+whisper_v3+conformer+sb+cohere,5,sb,6,6
seamless_m4t+whisper_v3+conformer+sb+cohere,5,cohere,1,308
seamless_m4t+whisper_v3+conformer+sb+cohere,5,cohere,2,691
seamless_m4t+whisper_v3+conformer+sb+cohere,5,cohere,3,1
seamless_m4t+whisper_v3+parakeet+sb+cohere,5,seamless_m4t,6,615
seamless_m4t+whisper_v3+parakeet+sb+cohere,5,seamless_m4t,7,385
seamless_m4t+whisper_v3+parakeet+sb+cohere,5,whisper_v3,5,45
seamless_m4t+whisper_v3+parakeet+sb+cohere,5,whisper_v3,6,340
seamless_m4t+whisper_v3+parakeet+sb+cohere,5,whisper_v3,7,615
seamless_m4t+whisper_v3+parakeet+sb+cohere,5,canary,1,2
seamless_m4t+whisper_v3+parakeet+sb+cohere,5,canary,2,48
seamless_m4t+whisper_v3+parakeet+sb+cohere,5,canary,3,793
seamless_m4t+whisper_v3+parakeet+sb+cohere,5,canary,4,157
seamless_m4t+whisper_v3+parakeet+sb+cohere,5,conformer,2,1
seamless_m4t+whisper_v3+parakeet+sb+cohere,5,conformer,3,157
seamless_m4t+whisper_v3+parakeet+sb+cohere,5,conformer,4,842
seamless_m4t+whisper_v3+parakeet+sb+cohere,5,parakeet,1,64
seamless_m4t+whisper_v3+parakeet+sb+cohere,5,parakeet,2,888
seamless_m4t+whisper_v3+parakeet+sb+cohere,5,parakeet,3,47
seamless_m4t+whisper_v3+parakeet+sb+cohere,5,parakeet,4,1
seamless_m4t+whisper_v3+parakeet+sb+cohere,5,sb,5,955
seamless_m4t+whisper_v3+parakeet+sb+cohere,5,sb,6,45
seamless_m4t+whisper_v3+parakeet+sb+cohere,5,cohere,1,934
seamless_m4t+whisper_v3+parakeet+sb+cohere,5,cohere,2,63
seamless_m4t+whisper_v3+parakeet+sb+cohere,5,cohere,3,3
seamless_m4t+canary+conformer+parakeet+sb,5,seamless_m4t,6,510
seamless_m4t+canary+conformer+parakeet+sb,5,seamless_m4t,7,490
seamless_m4t+canary+conformer+parakeet+sb,5,whisper_v3,5,65
seamless_m4t+canary+conformer+parakeet+sb,5,whisper_v3,6,425
seamless_m4t+canary+conformer+parakeet+sb,5,whisper_v3,7,510
seamless_m4t+canary+conformer+parakeet+sb,5,canary,3,813
seamless_m4t+canary+conformer+parakeet+sb,5,canary,4,187
seamless_m4t+canary+conformer+parakeet+sb,5,conformer,3,187
seamless_m4t+canary+conformer+parakeet+sb,5,conformer,4,813
seamless_m4t+canary+conformer+parakeet+sb,5,parakeet,1,95
seamless_m4t+canary+conformer+parakeet+sb,5,parakeet,2,905
seamless_m4t+canary+conformer+parakeet+sb,5,sb,5,935
seamless_m4t+canary+conformer+parakeet+sb,5,sb,6,65
seamless_m4t+canary+conformer+parakeet+sb,5,cohere,1,905
seamless_m4t+canary+conformer+parakeet+sb,5,cohere,2,95
seamless_m4t+canary+conformer+parakeet+cohere,5,seamless_m4t,6,446
seamless_m4t+canary+conformer+parakeet+cohere,5,seamless_m4t,7,554
seamless_m4t+canary+conformer+parakeet+cohere,5,whisper_v3,4,9
seamless_m4t+canary+conformer+parakeet+cohere,5,whisper_v3,5,31
seamless_m4t+canary+conformer+parakeet+cohere,5,whisper_v3,6,514
seamless_m4t+canary+conformer+parakeet+cohere,5,whisper_v3,7,446
seamless_m4t+canary+conformer+parakeet+cohere,5,canary,2,9
seamless_m4t+canary+conformer+parakeet+cohere,5,canary,3,987
seamless_m4t+canary+conformer+parakeet+cohere,5,canary,4,4
seamless_m4t+canary+conformer+parakeet+cohere,5,conformer,3,4
seamless_m4t+canary+conformer+parakeet+cohere,5,conformer,4,913
seamless_m4t+canary+conformer+parakeet+cohere,5,conformer,5,82
seamless_m4t+canary+conformer+parakeet+cohere,5,conformer,6,1
seamless_m4t+canary+conformer+parakeet+cohere,5,parakeet,1,974
seamless_m4t+canary+conformer+parakeet+cohere,5,parakeet,2,26
seamless_m4t+canary+conformer+parakeet+cohere,5,sb,4,74
seamless_m4t+canary+conformer+parakeet+cohere,5,sb,5,887
seamless_m4t+canary+conformer+parakeet+cohere,5,sb,6,39
seamless_m4t+canary+conformer+parakeet+cohere,5,cohere,1,26
seamless_m4t+canary+conformer+parakeet+cohere,5,cohere,2,965
seamless_m4t+canary+conformer+parakeet+cohere,5,cohere,3,9
seamless_m4t+canary+conformer+sb+cohere,5,seamless_m4t,6,595
seamless_m4t+canary+conformer+sb+cohere,5,seamless_m4t,7,405
seamless_m4t+canary+conformer+sb+cohere,5,whisper_v3,5,22
seamless_m4t+canary+conformer+sb+cohere,5,whisper_v3,6,383
seamless_m4t+canary+conformer+sb+cohere,5,whisper_v3,7,595
seamless_m4t+canary+conformer+sb+cohere,5,canary,3,162
seamless_m4t+canary+conformer+sb+cohere,5,canary,4,827
seamless_m4t+canary+conformer+sb+cohere,5,canary,5,11
seamless_m4t+canary+conformer+sb+cohere,5,conformer,3,838
seamless_m4t+canary+conformer+sb+cohere,5,conformer,4,162
seamless_m4t+canary+conformer+sb+cohere,5,parakeet,1,979
seamless_m4t+canary+conformer+sb+cohere,5,parakeet,2,21
seamless_m4t+canary+conformer+sb+cohere,5,sb,4,11
seamless_m4t+canary+conformer+sb+cohere,5,sb,5,967
seamless_m4t+canary+conformer+sb+cohere,5,sb,6,22
seamless_m4t+canary+conformer+sb+cohere,5,cohere,1,21
seamless_m4t+canary+conformer+sb+cohere,5,cohere,2,979
seamless_m4t+canary+parakeet+sb+cohere,5,seamless_m4t,6,479
seamless_m4t+canary+parakeet+sb+cohere,5,seamless_m4t,7,521
seamless_m4t+canary+parakeet+sb+cohere,5,whisper_v3,5,97
seamless_m4t+canary+parakeet+sb+cohere,5,whisper_v3,6,424
seamless_m4t+canary+parakeet+sb+cohere,5,whisper_v3,7,479
seamless_m4t+canary+parakeet+sb+cohere,5,canary,2,1
seamless_m4t+canary+parakeet+sb+cohere,5,canary,3,788
seamless_m4t+canary+parakeet+sb+cohere,5,canary,4,211
seamless_m4t+canary+parakeet+sb+cohere,5,conformer,3,211
seamless_m4t+canary+parakeet+sb+cohere,5,conformer,4,789
seamless_m4t+canary+parakeet+sb+cohere,5,parakeet,1,898
seamless_m4t+canary+parakeet+sb+cohere,5,parakeet,2,102
seamless_m4t+canary+parakeet+sb+cohere,5,sb,5,903
seamless_m4t+canary+parakeet+sb+cohere,5,sb,6,97
seamless_m4t+canary+parakeet+sb+cohere,5,cohere,1,102
seamless_m4t+canary+parakeet+sb+cohere,5,cohere,2,897
seamless_m4t+canary+parakeet+sb+cohere,5,cohere,3,1
seamless_m4t+conformer+parakeet+sb+cohere,5,seamless_m4t,6,585
seamless_m4t+conformer+parakeet+sb+cohere,5,seamless_m4t,7,415
seamless_m4t+conformer+parakeet+sb+cohere,5,whisper_v3,5,11
seamless_m4t+conformer+parakeet+sb+cohere,5,whisper_v3,6,404
seamless_m4t+conformer+parakeet+sb+cohere,5,whisper_v3,7,585
seamless_m4t+conformer+parakeet+sb+cohere,5,canary,2,1
seamless_m4t+conformer+parakeet+sb+cohere,5,canary,3,451
seamless_m4t+conformer+parakeet+sb+cohere,5,canary,4,547
seamless_m4t+conformer+parakeet+sb+cohere,5,canary,5,1
seamless_m4t+conformer+parakeet+sb+cohere,5,conformer,2,1
seamless_m4t+conformer+parakeet+sb+cohere,5,conformer,3,547
seamless_m4t+conformer+parakeet+sb+cohere,5,conformer,4,452
seamless_m4t+conformer+parakeet+sb+cohere,5,parakeet,1,105
seamless_m4t+conformer+parakeet+sb+cohere,5,parakeet,2,893
seamless_m4t+conformer+parakeet+sb+cohere,5,parakeet,3,2
seamless_m4t+conformer+parakeet+sb+cohere,5,sb,4,1
seamless_m4t+conformer+parakeet+sb+cohere,5,sb,5,988
seamless_m4t+conformer+parakeet+sb+cohere,5,sb,6,11
seamless_m4t+conformer+parakeet+sb+cohere,5,cohere,1,895
seamless_m4t+conformer+parakeet+sb+cohere,5,cohere,2,105
whisper_v3+canary+conformer+parakeet+sb,5,seamless_m4t,5,2
whisper_v3+canary+conformer+parakeet+sb,5,seamless_m4t,6,836
whisper_v3+canary+conformer+parakeet+sb,5,seamless_m4t,7,162
whisper_v3+canary+conformer+parakeet+sb,5,whisper_v3,5,16
whisper_v3+canary+conformer+parakeet+sb,5,whisper_v3,6,146
whisper_v3+canary+conformer+parakeet+sb,5,whisper_v3,7,838
whisper_v3+canary+conformer+parakeet+sb,5,canary,3,928
whisper_v3+canary+conformer+parakeet+sb,5,canary,4,72
whisper_v3+canary+conformer+parakeet+sb,5,conformer,3,72
whisper_v3+canary+conformer+parakeet+sb,5,conformer,4,928
whisper_v3+canary+conformer+parakeet+sb,5,parakeet,1,250
whisper_v3+canary+conformer+parakeet+sb,5,parakeet,2,750
whisper_v3+canary+conformer+parakeet+sb,5,sb,5,982
whisper_v3+canary+conformer+parakeet+sb,5,sb,6,18
whisper_v3+canary+conformer+parakeet+sb,5,cohere,1,750
whisper_v3+canary+conformer+parakeet+sb,5,cohere,2,250
whisper_v3+canary+conformer+parakeet+cohere,5,seamless_m4t,6,708
whisper_v3+canary+conformer+parakeet+cohere,5,seamless_m4t,7,292
whisper_v3+canary+conformer+parakeet+cohere,5,whisper_v3,5,15
whisper_v3+canary+conformer+parakeet+cohere,5,whisper_v3,6,278
whisper_v3+canary+conformer+parakeet+cohere,5,whisper_v3,7,707
whisper_v3+canary+conformer+parakeet+cohere,5,canary,3,998
whisper_v3+canary+conformer+parakeet+cohere,5,canary,4,2
whisper_v3+canary+conformer+parakeet+cohere,5,conformer,3,2
whisper_v3+canary+conformer+parakeet+cohere,5,conformer,4,987
whisper_v3+canary+conformer+parakeet+cohere,5,conformer,5,11
whisper_v3+canary+conformer+parakeet+cohere,5,parakeet,1,849
whisper_v3+canary+conformer+parakeet+cohere,5,parakeet,2,151
whisper_v3+canary+conformer+parakeet+cohere,5,sb,4,11
whisper_v3+canary+conformer+parakeet+cohere,5,sb,5,974
whisper_v3+canary+conformer+parakeet+cohere,5,sb,6,14
whisper_v3+canary+conformer+parakeet+cohere,5,sb,7,1
whisper_v3+canary+conformer+parakeet+cohere,5,cohere,1,151
whisper_v3+canary+conformer+parakeet+cohere,5,cohere,2,849
whisper_v3+canary+conformer+sb+cohere,5,seamless_m4t,6,787
whisper_v3+canary+conformer+sb+cohere,5,seamless_m4t,7,213
whisper_v3+canary+conformer+sb+cohere,5,whisper_v3,5,10
whisper_v3+canary+conformer+sb+cohere,5,whisper_v3,6,203
whisper_v3+canary+conformer+sb+cohere,5,whisper_v3,7,787
whisper_v3+canary+conformer+sb+cohere,5,canary,3,388
whisper_v3+canary+conformer+sb+cohere,5,canary,4,607
whisper_v3+canary+conformer+sb+cohere,5,canary,5,5
whisper_v3+canary+conformer+sb+cohere,5,conformer,3,612
whisper_v3+canary+conformer+sb+cohere,5,conformer,4,388
whisper_v3+canary+conformer+sb+cohere,5,parakeet,1,813
whisper_v3+canary+conformer+sb+cohere,5,parakeet,2,187
whisper_v3+canary+conformer+sb+cohere,5,sb,4,5
whisper_v3+canary+conformer+sb+cohere,5,sb,5,985
whisper_v3+canary+conformer+sb+cohere,5,sb,6,10
whisper_v3+canary+conformer+sb+cohere,5,cohere,1,187
whisper_v3+canary+conformer+sb+cohere,5,cohere,2,813
whisper_v3+canary+parakeet+sb+cohere,5,seamless_m4t,5,8
whisper_v3+canary+parakeet+sb+cohere,5,seamless_m4t,6,764
whisper_v3+canary+parakeet+sb+cohere,5,seamless_m4t,7,228
whisper_v3+canary+parakeet+sb+cohere,5,whisper_v3,5,43
whisper_v3+canary+parakeet+sb+cohere,5,whisper_v3,6,187
whisper_v3+canary+parakeet+sb+cohere,5,whisper_v3,7,770
whisper_v3+canary+parakeet+sb+cohere,5,canary,3,711
whisper_v3+canary+parakeet+sb+cohere,5,canary,4,289
whisper_v3+canary+parakeet+sb+cohere,5,conformer,3,289
whisper_v3+canary+parakeet+sb+cohere,5,conformer,4,711
whisper_v3+canary+parakeet+sb+cohere,5,parakeet,1,661
whisper_v3+canary+parakeet+sb+cohere,5,parakeet,2,339
whisper_v3+canary+parakeet+sb+cohere,5,sb,5,949
whisper_v3+canary+parakeet+sb+cohere,5,sb,6,49
whisper_v3+canary+parakeet+sb+cohere,5,sb,7,2
whisper_v3+canary+parakeet+sb+cohere,5,cohere,1,339
whisper_v3+canary+parakeet+sb+cohere,5,cohere,2,661
whisper_v3+conformer+parakeet+sb+cohere,5,seamless_m4t,6,741
whisper_v3+conformer+parakeet+sb+cohere,5,seamless_m4t,7,259
whisper_v3+conformer+parakeet+sb+cohere,5,whisper_v3,5,4
whisper_v3+conformer+parakeet+sb+cohere,5,whisper_v3,6,255
whisper_v3+conformer+parakeet+sb+cohere,5,whisper_v3,7,741
whisper_v3+conformer+parakeet+sb+cohere,5,canary,2,1
whisper_v3+conformer+parakeet+sb+cohere,5,canary,3,736
whisper_v3+conformer+parakeet+sb+cohere,5,canary,4,263
whisper_v3+conformer+parakeet+sb+cohere,5,conformer,3,263
whisper_v3+conformer+parakeet+sb+cohere,5,conformer,4,737
whisper_v3+conformer+parakeet+sb+cohere,5,parakeet,1,35
whisper_v3+conformer+parakeet+sb+cohere,5,parakeet,2,964
whisper_v3+conformer+parakeet+sb+cohere,5,parakeet,3,1
whisper_v3+conformer+parakeet+sb+cohere,5,sb,5,996
whisper_v3+conformer+parakeet+sb+cohere,5,sb,6,4
whisper_v3+conformer+parakeet+sb+cohere,5,cohere,1,965
whisper_v3+conformer+parakeet+sb+cohere,5,cohere,2,35
canary+conformer+parakeet+sb+cohere,5,seamless_m4t,6,605
canary+conformer+parakeet+sb+cohere,5,seamless_m4t,7,395
canary+conformer+parakeet+sb+cohere,5,whisper_v3,5,15
canary+conformer+parakeet+sb+cohere,5,whisper_v3,6,380
canary+conformer+parakeet+sb+cohere,5,whisper_v3,7,605
canary+conformer+parakeet+sb+cohere,5,canary,3,750
canary+conformer+parakeet+sb+cohere,5,canary,4,250
canary+conformer+parakeet+sb+cohere,5,conformer,3,250
canary+conformer+parakeet+sb+cohere,5,conformer,4,749
canary+conformer+parakeet+sb+cohere,5,conformer,5,1
canary+conformer+parakeet+sb+cohere,5,parakeet,1,958
canary+conformer+parakeet+sb+cohere,5,parakeet,2,42
canary+conformer+parakeet+sb+cohere,5,sb,4,1
canary+conformer+parakeet+sb+cohere,5,sb,5,984
canary+conformer+parakeet+sb+cohere,5,sb,6,15
canary+conformer+parakeet+sb+cohere,5,cohere,1,42
canary+conformer+parakeet+sb+cohere,5,cohere,2,958
seamless_m4t+whisper_v3+canary+conformer+parakeet+sb,6,seamless_m4t,6,696
seamless_m4t+whisper_v3+canary+conformer+parakeet+sb,6,seamless_m4t,7,304
seamless_m4t+whisper_v3+canary+conformer+parakeet+sb,6,whisper_v3,5,23
seamless_m4t+whisper_v3+canary+conformer+parakeet+sb,6,whisper_v3,6,281
seamless_m4t+whisper_v3+canary+conformer+parakeet+sb,6,whisper_v3,7,696
seamless_m4t+whisper_v3+canary+conformer+parakeet+sb,6,canary,3,938
seamless_m4t+whisper_v3+canary+conformer+parakeet+sb,6,canary,4,62
seamless_m4t+whisper_v3+canary+conformer+parakeet+sb,6,conformer,3,62
seamless_m4t+whisper_v3+canary+conformer+parakeet+sb,6,conformer,4,938
seamless_m4t+whisper_v3+canary+conformer+parakeet+sb,6,parakeet,1,219
seamless_m4t+whisper_v3+canary+conformer+parakeet+sb,6,parakeet,2,781
seamless_m4t+whisper_v3+canary+conformer+parakeet+sb,6,sb,5,977
seamless_m4t+whisper_v3+canary+conformer+parakeet+sb,6,sb,6,23
seamless_m4t+whisper_v3+canary+conformer+parakeet+sb,6,cohere,1,781
seamless_m4t+whisper_v3+canary+conformer+parakeet+sb,6,cohere,2,219
seamless_m4t+whisper_v3+canary+conformer+parakeet+cohere,6,seamless_m4t,6,550
seamless_m4t+whisper_v3+canary+conformer+parakeet+cohere,6,seamless_m4t,7,450
seamless_m4t+whisper_v3+canary+conformer+parakeet+cohere,6,whisper_v3,5,40
seamless_m4t+whisper_v3+canary+conformer+parakeet+cohere,6,whisper_v3,6,410
seamless_m4t+whisper_v3+canary+conformer+parakeet+cohere,6,whisper_v3,7,550
seamless_m4t+whisper_v3+canary+conformer+parakeet+cohere,6,canary,3,998
seamless_m4t+whisper_v3+canary+conformer+parakeet+cohere,6,canary,4,2
seamless_m4t+whisper_v3+canary+conformer+parakeet+cohere,6,conformer,3,2
seamless_m4t+whisper_v3+canary+conformer+parakeet+cohere,6,conformer,4,989
seamless_m4t+whisper_v3+canary+conformer+parakeet+cohere,6,conformer,5,9
seamless_m4t+whisper_v3+canary+conformer+parakeet+cohere,6,parakeet,1,835
seamless_m4t+whisper_v3+canary+conformer+parakeet+cohere,6,parakeet,2,165
seamless_m4t+whisper_v3+canary+conformer+parakeet+cohere,6,sb,4,9
seamless_m4t+whisper_v3+canary+conformer+parakeet+cohere,6,sb,5,951
seamless_m4t+whisper_v3+canary+conformer+parakeet+cohere,6,sb,6,40
seamless_m4t+whisper_v3+canary+conformer+parakeet+cohere,6,cohere,1,165
seamless_m4t+whisper_v3+canary+conformer+parakeet+cohere,6,cohere,2,835
seamless_m4t+whisper_v3+canary+conformer+sb+cohere,6,seamless_m4t,6,712
seamless_m4t+whisper_v3+canary+conformer+sb+cohere,6,seamless_m4t,7,288
seamless_m4t+whisper_v3+canary+conformer+sb+cohere,6,whisper_v3,5,13
seamless_m4t+whisper_v3+canary+conformer+sb+cohere,6,whisper_v3,6,275
seamless_m4t+whisper_v3+canary+conformer+sb+cohere,6,whisper_v3,7,712
seamless_m4t+whisper_v3+canary+conformer+sb+cohere,6,canary,3,690
seamless_m4t+whisper_v3+canary+conformer+sb+cohere,6,canary,4,310
seamless_m4t+whisper_v3+canary+conformer+sb+cohere,6,conformer,3,310
seamless_m4t+whisper_v3+canary+conformer+sb+cohere,6,conformer,4,689
seamless_m4t+whisper_v3+canary+conformer+sb+cohere,6,conformer,5,1
seamless_m4t+whisper_v3+canary+conformer+sb+cohere,6,parakeet,1,879
seamless_m4t+whisper_v3+canary+conformer+sb+cohere,6,parakeet,2,121
seamless_m4t+whisper_v3+canary+conformer+sb+cohere,6,sb,4,1
seamless_m4t+whisper_v3+canary+conformer+sb+cohere,6,sb,5,986
seamless_m4t+whisper_v3+canary+conformer+sb+cohere,6,sb,6,13
seamless_m4t+whisper_v3+canary+conformer+sb+cohere,6,cohere,1,121
seamless_m4t+whisper_v3+canary+conformer+sb+cohere,6,cohere,2,879
seamless_m4t+whisper_v3+canary+parakeet+sb+cohere,6,seamless_m4t,5,2
seamless_m4t+whisper_v3+canary+parakeet+sb+cohere,6,seamless_m4t,6,648
seamless_m4t+whisper_v3+canary+parakeet+sb+cohere,6,seamless_m4t,7,350
seamless_m4t+whisper_v3+canary+parakeet+sb+cohere,6,whisper_v3,5,64
seamless_m4t+whisper_v3+canary+parakeet+sb+cohere,6,whisper_v3,6,286
seamless_m4t+whisper_v3+canary+parakeet+sb+cohere,6,whisper_v3,7,650
seamless_m4t+whisper_v3+canary+parakeet+sb+cohere,6,canary,3,942
seamless_m4t+whisper_v3+canary+parakeet+sb+cohere,6,canary,4,58
seamless_m4t+whisper_v3+canary+parakeet+sb+cohere,6,conformer,3,58
seamless_m4t+whisper_v3+canary+parakeet+sb+cohere,6,conformer,4,942
seamless_m4t+whisper_v3+canary+parakeet+sb+cohere,6,parakeet,1,737
seamless_m4t+whisper_v3+canary+parakeet+sb+cohere,6,parakeet,2,263
seamless_m4t+whisper_v3+canary+parakeet+sb+cohere,6,sb,5,934
seamless_m4t+whisper_v3+canary+parakeet+sb+cohere,6,sb,6,66
seamless_m4t+whisper_v3+canary+parakeet+sb+cohere,6,cohere,1,263
seamless_m4t+whisper_v3+canary+parakeet+sb+cohere,6,cohere,2,737
seamless_m4t+whisper_v3+conformer+parakeet+sb+cohere,6,seamless_m4t,6,635
seamless_m4t+whisper_v3+conformer+parakeet+sb+cohere,6,seamless_m4t,7,365
seamless_m4t+whisper_v3+conformer+parakeet+sb+cohere,6,whisper_v3,5,13
seamless_m4t+whisper_v3+conformer+parakeet+sb+cohere,6,whisper_v3,6,352
seamless_m4t+whisper_v3+conformer+parakeet+sb+cohere,6,whisper_v3,7,635
seamless_m4t+whisper_v3+conformer+parakeet+sb+cohere,6,canary,2,1
seamless_m4t+whisper_v3+conformer+parakeet+sb+cohere,6,canary,3,829
seamless_m4t+whisper_v3+conformer+parakeet+sb+cohere,6,canary,4,170
seamless_m4t+whisper_v3+conformer+parakeet+sb+cohere,6,conformer,3,170
seamless_m4t+whisper_v3+conformer+parakeet+sb+cohere,6,conformer,4,830
seamless_m4t+whisper_v3+conformer+parakeet+sb+cohere,6,parakeet,1,210
seamless_m4t+whisper_v3+conformer+parakeet+sb+cohere,6,parakeet,2,790
seamless_m4t+whisper_v3+conformer+parakeet+sb+cohere,6,sb,5,987
seamless_m4t+whisper_v3+conformer+parakeet+sb+cohere,6,sb,6,13
seamless_m4t+whisper_v3+conformer+parakeet+sb+cohere,6,cohere,1,790
seamless_m4t+whisper_v3+conformer+parakeet+sb+cohere,6,cohere,2,209
seamless_m4t+whisper_v3+conformer+parakeet+sb+cohere,6,cohere,3,1
seamless_m4t+canary+conformer+parakeet+sb+cohere,6,seamless_m4t,6,566
seamless_m4t+canary+conformer+parakeet+sb+cohere,6,seamless_m4t,7,434
seamless_m4t+canary+conformer+parakeet+sb+cohere,6,whisper_v3,4,2
seamless_m4t+canary+conformer+parakeet+sb+cohere,6,whisper_v3,5,22
seamless_m4t+canary+conformer+parakeet+sb+cohere,6,whisper_v3,6,410
seamless_m4t+canary+conformer+parakeet+sb+cohere,6,whisper_v3,7,566
seamless_m4t+canary+conformer+parakeet+sb+cohere,6,canary,3,729
seamless_m4t+canary+conformer+parakeet+sb+cohere,6,canary,4,271
seamless_m4t+canary+conformer+parakeet+sb+cohere,6,conformer,3,271
seamless_m4t+canary+conformer+parakeet+sb+cohere,6,conformer,4,727
seamless_m4t+canary+conformer+parakeet+sb+cohere,6,conformer,5,2
seamless_m4t+canary+conformer+parakeet+sb+cohere,6,parakeet,1,724
seamless_m4t+canary+conformer+parakeet+sb+cohere,6,parakeet,2,276
seamless_m4t+canary+conformer+parakeet+sb+cohere,6,sb,5,976
seamless_m4t+canary+conformer+parakeet+sb+cohere,6,sb,6,24
seamless_m4t+canary+conformer+parakeet+sb+cohere,6,cohere,1,276
seamless_m4t+canary+conformer+parakeet+sb+cohere,6,cohere,2,724
whisper_v3+canary+conformer+parakeet+sb+cohere,6,seamless_m4t,6,713
whisper_v3+canary+conformer+parakeet+sb+cohere,6,seamless_m4t,7,287
whisper_v3+canary+conformer+parakeet+sb+cohere,6,whisper_v3,5,16
whisper_v3+canary+conformer+parakeet+sb+cohere,6,whisper_v3,6,271
whisper_v3+canary+conformer+parakeet+sb+cohere,6,whisper_v3,7,713
whisper_v3+canary+conformer+parakeet+sb+cohere,6,canary,3,835
whisper_v3+canary+conformer+parakeet+sb+cohere,6,canary,4,165
whisper_v3+canary+conformer+parakeet+sb+cohere,6,conformer,3,165
whisper_v3+canary+conformer+parakeet+sb+cohere,6,conformer,4,835
whisper_v3+canary+conformer+parakeet+sb+cohere,6,parakeet,1,479
whisper_v3+canary+conformer+parakeet+sb+cohere,6,parakeet,2,521
whisper_v3+canary+conformer+parakeet+sb+cohere,6,sb,5,984
whisper_v3+canary+conformer+parakeet+sb+cohere,6,sb,6,16
whisper_v3+canary+conformer+parakeet+sb+cohere,6,cohere,1,521
whisper_v3+canary+conformer+parakeet+sb+cohere,6,cohere,2,479
seamless_m4t+whisper_v3+canary+conformer+parakeet+sb+cohere,7,seamless_m4t,6,665
seamless_m4t+whisper_v3+canary+conformer+parakeet+sb+cohere,7,seamless_m4t,7,335
seamless_m4t+whisper_v3+canary+conformer+parakeet+sb+cohere,7,whisper_v3,5,21
seamless_m4t+whisper_v3+canary+conformer+parakeet+sb+cohere,7,whisper_v3,6,314
seamless_m4t+whisper_v3+canary+conformer+parakeet+sb+cohere,7,whisper_v3,7,665
seamless_m4t+whisper_v3+canary+conformer+parakeet+sb+cohere,7,canary,3,929
seamless_m4t+whisper_v3+canary+conformer+parakeet+sb+cohere,7,canary,4,71
seamless_m4t+whisper_v3+canary+conformer+parakeet+sb+cohere,7,conformer,3,71
seamless_m4t+whisper_v3+canary+conformer+parakeet+sb+cohere,7,conformer,4,928
seamless_m4t+whisper_v3+canary+conformer+parakeet+sb+cohere,7,conformer,5,1
seamless_m4t+whisper_v3+canary+conformer+parakeet+sb+cohere,7,parakeet,1,487
seamless_m4t+whisper_v3+canary+conformer+parakeet+sb+cohere,7,parakeet,2,513
seamless_m4t+whisper_v3+canary+conformer+parakeet+sb+cohere,7,sb,4,1
seamless_m4t+whisper_v3+canary+conformer+parakeet+sb+cohere,7,sb,5,978
seamless_m4t+whisper_v3+canary+conformer+parakeet+sb+cohere,7,sb,6,21
seamless_m4t+whisper_v3+canary+conformer+parakeet+sb+cohere,7,cohere,1,513
seamless_m4t+whisper_v3+canary+conformer+parakeet+sb+cohere,7,cohere,2,487
