pool,k,share,focus_in_pool,ret_focus,ret_pair_1,ret_pair_2,modal_focus,holds_reported
seamless_m4t+whisper_v3+whisper_v2+fastconformer+xlsr+w2vbert+hubert+wav2vec_sb+cohere,9,0.3069938154338392,1,0.998,0.998,0.995,2,1
seamless_m4t+whisper_v3+whisper_v2+fastconformer+xlsr+w2vbert+hubert+cohere,8,0.3131216059379553,1,0.992,0.992,0.986,2,1
seamless_m4t+whisper_v3+whisper_v2+fastconformer+w2vbert+hubert+wav2vec_sb+cohere,8,0.31621781213465733,1,0.986,0.986,0.989,2,1
seamless_m4t+whisper_v3+whisper_v2+fastconformer+w2vbert+hubert+cohere,7,0.322723269841803,1,0.929,0.929,0.986,2,1
seamless_m4t+whisper_v3+whisper_v2+fastconformer+xlsr+hubert+wav2vec_sb+cohere,8,0.3287730142392959,1,0.989,0.989,0.995,2,1
seamless_m4t+whisper_v3+whisper_v2+fastconformer+xlsr+hubert+cohere,7,0.3358110652936974,1,0.979,0.979,0.993,2,1
seamless_m4t+whisper_v3+whisper_v2+fastconformer+hubert+wav2vec_sb+cohere,7,0.3393747978200991,1,0.971,0.971,0.999,2,1
seamless_m4t+whisper_v3+whisper_v2+fastconformer+hubert+cohere,6,0.34687925286666244,1,0.782,0.782,0.983,2,1
seamless_m4t+whisper_v3+whisper_v2+fastconformer+xlsr+w2vbert+wav2vec_sb+cohere,8,0.34819558445349186,1,0.939,0.939,0.997,2,1
seamless_m4t+whisper_v3+whisper_v2+fastconformer+xlsr+w2vbert+cohere,7,0.35609975274889294,1,0.918,0.918,0.983,2,1
seamless_m4t+whisper_v3+whisper_v2+fastconformer+w2vbert+wav2vec_sb+cohere,7,0.36010968452297465,1,0.904,0.904,0.991,2,1
whisper_v3+whisper_v2+fastconformer+xlsr+w2vbert+hubert+wav2vec_sb+cohere,8,0.36199603780954126,1,0.98,1.0,0.093,2,1
seamless_m4t+whisper_v3+whisper_v2+fastconformer+xlsr+w2vbert+hubert+wav2vec_sb,8,0.3627971533682625,0,0.0,0.0,0.001,1,0
seamless_m4t+whisper_v3+whisper_v2+xlsr+w2vbert+hubert+wav2vec_sb+cohere,8,0.36285004651728703,1,0.078,1.0,0.968,3,0
seamless_m4t+whisper_v3+whisper_v2+fastconformer+w2vbert+cohere,6,0.368570587663423,1,0.827,0.827,0.983,2,1
whisper_v3+whisper_v2+fastconformer+xlsr+w2vbert+hubert+cohere,7,0.3705468665691415,1,0.988,1.0,0.123,2,1
seamless_m4t+whisper_v3+whisper_v2+fastconformer+xlsr+w2vbert+hubert,7,0.3713863198406862,0,0.005,0.005,0.002,1,0
seamless_m4t+whisper_v3+whisper_v2+xlsr+w2vbert+hubert+cohere,7,0.3714417473017837,1,0.344,1.0,0.988,3,0
whisper_v3+whisper_v2+fastconformer+w2vbert+hubert+wav2vec_sb+cohere,7,0.37489075220459744,1,0.997,1.0,0.147,2,1
seamless_m4t+whisper_v3+whisper_v2+fastconformer+w2vbert+hubert+wav2vec_sb,7,0.37575002532103413,0,0.002,0.002,0.005,1,0
seamless_m4t+whisper_v3+whisper_v2+w2vbert+hubert+wav2vec_sb+cohere,7,0.3758067630541154,1,0.247,1.0,0.99,3,0
seamless_m4t+whisper_v3+whisper_v2+fastconformer+xlsr+wav2vec_sb+cohere,7,0.37648239920882487,1,0.894,0.894,0.985,2,1
whisper_v3+whisper_v2+fastconformer+w2vbert+hubert+cohere,6,0.38406933452643366,1,0.998,1.0,0.107,2,1
seamless_m4t+whisper_v3+whisper_v2+fastconformer+w2vbert+hubert,6,0.38497124910662056,0,0.0,0.0,0.002,1,0
seamless_m4t+whisper_v3+whisper_v2+w2vbert+hubert+cohere,6,0.38503080601490125,1,0.583,1.0,0.996,2,1
seamless_m4t+whisper_v3+whisper_v2+fastconformer+xlsr+cohere,6,0.38574004699312836,1,0.792,0.792,0.979,2,1
seamless_m4t+whisper_v3+whisper_v2+fastconformer+wav2vec_sb+cohere,6,0.3904497156088127,1,0.767,0.767,0.985,2,1
whisper_v3+whisper_v2+fastconformer+xlsr+hubert+wav2vec_sb+cohere,7,0.3926682969933923,1,0.976,1.0,0.094,2,1
seamless_m4t+whisper_v3+whisper_v2+fastconformer+xlsr+hubert+wav2vec_sb,7,0.3936110993381779,0,0.0,0.0,0.001,1,0
seamless_m4t+whisper_v3+whisper_v2+xlsr+hubert+wav2vec_sb+cohere,7,0.3936733597133007,1,0.236,1.0,0.987,3,0
seamless_m4t+whisper_v3+whisper_v2+fastconformer+cohere,5,0.4004161060231202,1,0.645,0.645,0.99,2,1
whisper_v3+whisper_v2+fastconformer+xlsr+hubert+cohere,6,0.40274973179666257,1,0.995,1.0,0.09,2,1
seamless_m4t+whisper_v3+whisper_v2+fastconformer+xlsr+hubert,6,0.4037416280925546,0,0.002,0.002,0.0,1,0
seamless_m4t+whisper_v3+whisper_v2+xlsr+hubert+cohere,6,0.40380713481764047,1,0.576,1.0,0.993,2,1
whisper_v3+whisper_v2+fastconformer+hubert+wav2vec_sb+cohere,6,0.40788668127709055,1,0.996,1.0,0.141,2,1
seamless_m4t+whisper_v3+whisper_v2+fastconformer+hubert+wav2vec_sb,6,0.40890407356253367,0,0.0,0.0,0.003,1,0
seamless_m4t+whisper_v3+whisper_v2+hubert+wav2vec_sb+cohere,6,0.4089712663415257,1,0.519,1.0,0.994,2,1
whisper_v3+whisper_v2+fastconformer+hubert+cohere,5,0.4187755326853175,1,1.0,1.0,0.05,2,1
seamless_m4t+whisper_v3+whisper_v2+fastconformer+hubert,5,0.41984804159832423,0,0.0,0.0,0.0,1,0
seamless_m4t+whisper_v3+whisper_v2+hubert+cohere,5,0.41991887953495627,1,0.829,1.0,0.998,2,1
whisper_v3+whisper_v2+fastconformer+xlsr+w2vbert+wav2vec_sb+cohere,7,0.42069558460226036,1,1.0,1.0,0.025,2,1
seamless_m4t+whisper_v3+whisper_v2+fastconformer+xlsr+w2vbert+wav2vec_sb,7,0.42177796350364744,0,0.001,0.001,0.0,1,0
seamless_m4t+whisper_v3+whisper_v2+xlsr+w2vbert+wav2vec_sb+cohere,7,0.421849454236167,1,0.44,1.0,0.997,3,0
whisper_v3+whisper_v2+fastconformer+xlsr+w2vbert+cohere,6,0.4322887802439825,1,1.0,1.0,0.073,2,1
seamless_m4t+whisper_v3+whisper_v2+fastconformer+xlsr+w2vbert,6,0.43343171681843906,0,0.002,0.002,0.0,1,0
seamless_m4t+whisper_v3+whisper_v2+xlsr+w2vbert+cohere,6,0.4335072130694572,1,0.657,1.0,0.999,2,1
whisper_v3+whisper_v2+fastconformer+w2vbert+wav2vec_sb+cohere,6,0.4382124271521218,1,1.0,1.0,0.047,2,1
seamless_m4t+whisper_v3+whisper_v2+fastconformer+w2vbert+wav2vec_sb,6,0.43938694417683977,0,0.0,0.0,0.0,1,0
seamless_m4t+whisper_v3+whisper_v2+w2vbert+wav2vec_sb+cohere,6,0.43946452945932746,1,0.823,1.0,0.996,2,1
whisper_v3+whisper_v2+fastconformer+xlsr+w2vbert+hubert+wav2vec_sb,7,0.4421985137956754,0,0.0,0.0,0.026,1,0
whisper_v3+whisper_v2+xlsr+w2vbert+hubert+wav2vec_sb+cohere,7,0.4422770952563285,1,0.0,0.809,0.001,4,0
seamless_m4t+whisper_v3+whisper_v2+xlsr+w2vbert+hubert+wav2vec_sb,7,0.44347353169565795,0,0.0,0.0,1.0,1,0
whisper_v3+whisper_v2+fastconformer+w2vbert+cohere,5,0.45080560222337546,1,1.0,1.0,0.018,2,1
seamless_m4t+whisper_v3+whisper_v2+fastconformer+w2vbert,5,0.4520486905798716,0,0.001,0.001,0.0,1,0
seamless_m4t+whisper_v3+whisper_v2+w2vbert+cohere,5,0.4521308122343224,1,0.857,1.0,0.995,2,1
whisper_v3+whisper_v2+fastconformer+xlsr+w2vbert+hubert,6,0.4550251849494032,0,0.0,0.0,0.0,1,0
whisper_v3+whisper_v2+xlsr+w2vbert+hubert+cohere,6,0.4551083917164877,1,0.0,1.0,0.0,4,0
seamless_m4t+whisper_v3+whisper_v2+xlsr+w2vbert+hubert,6,0.45637535639432025,0,0.0,0.0,1.0,1,0
whisper_v3+whisper_v2+fastconformer+w2vbert+hubert+wav2vec_sb,6,0.4615930651194146,0,0.0,0.0,0.001,1,0
whisper_v3+whisper_v2+w2vbert+hubert+wav2vec_sb+cohere,6,0.46167869147809265,1,0.0,0.999,0.0,4,0
whisper_v3+whisper_v2+fastconformer+xlsr+wav2vec_sb+cohere,6,0.4626987892667421,1,0.999,1.0,0.018,2,1
seamless_m4t+whisper_v3+whisper_v2+w2vbert+hubert+wav2vec_sb,6,0.46298255440081326,0,0.0,0.0,1.0,1,0
seamless_m4t+whisper_v3+whisper_v2+fastconformer+xlsr+wav2vec_sb,6,0.4640084286033319,0,0.001,0.001,0.0,1,0
seamless_m4t+whisper_v3+whisper_v2+xlsr+wav2vec_sb+cohere,6,0.46409495349921354,1,0.753,1.0,0.998,2,1
whisper_v3+whisper_v2+fastconformer+w2vbert+hubert,5,0.47558735353322884,0,0.0,0.0,0.0,1,0
whisper_v3+whisper_v2+w2vbert+hubert+cohere,5,0.4756782510382209,1,0.0,1.0,0.0,4,0
whisper_v3+whisper_v2+fastconformer+xlsr+cohere,5,0.4767612245495623,1,1.0,1.0,0.027,2,1
seamless_m4t+whisper_v3+whisper_v2+w2vbert+hubert,5,0.4770625059039062,0,0.0,0.0,1.0,1,0
seamless_m4t+whisper_v3+whisper_v2+fastconformer+xlsr,5,0.47815179885100767,0,0.0,0.0,0.0,1,0
seamless_m4t+whisper_v3+whisper_v2+xlsr+cohere,5,0.4782436793622026,1,0.851,1.0,0.997,2,1
whisper_v3+whisper_v2+fastconformer+wav2vec_sb+cohere,5,0.4839765471547127,1,1.0,1.0,0.029,2,1
seamless_m4t+whisper_v3+whisper_v2+fastconformer+wav2vec_sb,5,0.4854095932183294,0,0.0,0.0,0.0,1,0
seamless_m4t+whisper_v3+whisper_v2+wav2vec_sb+cohere,5,0.48550428445572175,1,0.869,1.0,0.992,2,1
whisper_v3+whisper_v2+fastconformer+xlsr+hubert+wav2vec_sb,6,0.4888432938769267,0,0.0,0.0,0.001,1,0
whisper_v3+whisper_v2+xlsr+hubert+wav2vec_sb+cohere,6,0.488939329642851,1,0.0,1.0,0.0,4,0
seamless_m4t+whisper_v3+whisper_v2+xlsr+hubert+wav2vec_sb,6,0.4904019602214535,0,0.0,0.0,1.0,1,0
whisper_v3+whisper_v2+fastconformer+cohere,4,0.49938360979468577,1,1.0,1.0,0.048,2,1
seamless_m4t+whisper_v3+whisper_v2+fastconformer,4,0.5009094920563788,0,0.049,0.049,0.0,1,0
seamless_m4t+whisper_v3+whisper_v2+cohere,4,0.501010327754596,1,0.977,1.0,0.946,2,1
whisper_v3+whisper_v2+fastconformer+xlsr+hubert,5,0.5045668069397817,0,0.0,0.0,0.0,1,0
whisper_v3+whisper_v2+xlsr+hubert+cohere,5,0.5046691206370938,1,0.0,1.0,0.0,4,0
seamless_m4t+whisper_v3+whisper_v2+xlsr+hubert,5,0.5062275243185502,0,0.0,0.0,1.0,1,0
whisper_v3+whisper_v2+fastconformer+hubert+wav2vec_sb,5,0.5126554328706344,0,0.0,0.0,0.0,1,0
whisper_v3+whisper_v2+hubert+wav2vec_sb+cohere,5,0.512761053552107,1,0.0,1.0,0.0,4,0
seamless_m4t+whisper_v3+whisper_v2+hubert+wav2vec_sb,5,0.5143699128590434,0,0.0,0.0,0.999,1,0
whisper_v3+whisper_v2+fastconformer+hubert,4,0.5299752127900778,0,0.006,0.006,0.0,1,0
whisper_v3+whisper_v2+hubert+cohere,4,0.5300880914839792,1,0.0,1.0,0.0,4,0
seamless_m4t+whisper_v3+whisper_v2+hubert,4,0.5318077022259954,0,0.0,0.0,0.941,1,0
whisper_v3+whisper_v2+fastconformer+xlsr+w2vbert+wav2vec_sb,6,0.5330540770733411,0,0.0,0.0,0.023,1,0
whisper_v3+whisper_v2+xlsr+w2vbert+wav2vec_sb+cohere,6,0.533168271244327,1,0.0,0.814,0.002,4,0
seamless_m4t+whisper_v3+whisper_v2+xlsr+w2vbert+wav2vec_sb,6,0.5349079571046323,0,0.0,0.0,1.0,1,0
whisper_v3+whisper_v2+fastconformer+xlsr+w2vbert,5,0.5518047988400671,0,0.0,0.0,0.0,1,0
whisper_v3+whisper_v2+xlsr+w2vbert+cohere,5,0.5519271690248986,1,0.0,0.997,0.0,4,0
seamless_m4t+whisper_v3+whisper_v2+xlsr+w2vbert,5,0.5537916400865399,0,0.0,0.0,1.0,1,0
whisper_v3+whisper_v2+fastconformer+w2vbert+wav2vec_sb,5,0.5614933900327049,0,0.0,0.0,0.001,1,0
whisper_v3+whisper_v2+w2vbert+wav2vec_sb+cohere,5,0.5616200955881399,1,0.0,0.999,0.0,4,0
seamless_m4t+whisper_v3+whisper_v2+w2vbert+wav2vec_sb,5,0.5635507437904786,0,0.0,0.0,1.0,1,0
whisper_v3+whisper_v2+xlsr+w2vbert+hubert+wav2vec_sb,6,0.5681842164800678,0,0.0,0.0,0.0,1,0
whisper_v3+whisper_v2+fastconformer+w2vbert,4,0.5823373654601708,0,0.0,0.0,0.017,1,0
whisper_v3+whisper_v2+w2vbert+cohere,4,0.5824736539921842,1,0.0,1.0,0.002,4,0
seamless_m4t+whisper_v3+whisper_v2+w2vbert,4,0.5845506032102215,0,0.0,0.0,1.0,1,0
whisper_v3+whisper_v2+xlsr+w2vbert+hubert,5,0.589537356207985,0,0.001,0.0,0.0,1,0
whisper_v3+whisper_v2+w2vbert+hubert+wav2vec_sb,5,0.6006095602520187,0,0.0,0.0,0.0,1,0
whisper_v3+whisper_v2+fastconformer+xlsr+wav2vec_sb,5,0.6023371295946456,0,0.0,0.0,0.001,1,0
whisper_v3+whisper_v2+xlsr+wav2vec_sb+cohere,5,0.6024829414243867,1,0.0,0.989,0.0,4,0
seamless_m4t+whisper_v3+whisper_v2+xlsr+wav2vec_sb,5,0.6047053096312585,0,0.0,0.0,1.0,1,0
whisper_v3+whisper_v2+w2vbert+hubert,4,0.6245207027526647,0,0.0,0.0,0.0,1,0
whisper_v3+whisper_v2+fastconformer+xlsr,4,0.6263887782372837,0,0.0,0.0,0.045,1,0
whisper_v3+whisper_v2+xlsr+cohere,4,0.6265464687717901,1,0.0,0.966,0.01,5,0
seamless_m4t+whisper_v3+whisper_v2+xlsr,4,0.6289502617789149,0,0.0,0.0,1.0,1,0
whisper_v3+whisper_v2+fastconformer+wav2vec_sb,4,0.6389031634012277,0,0.0,0.0,0.114,1,0
whisper_v3+whisper_v2+wav2vec_sb+cohere,4,0.6390672185817359,1,0.0,0.916,0.012,4,0
seamless_m4t+whisper_v3+whisper_v2+wav2vec_sb,4,0.6415682369064775,0,0.0,0.0,1.0,1,0
whisper_v3+whisper_v2+xlsr+hubert+wav2vec_sb,5,0.6475802632293232,0,0.0,0.0,0.001,1,0
whisper_v3+whisper_v2+xlsr+hubert,4,0.675464407468008,0,0.0,0.0,0.0,1,0
whisper_v3+whisper_v2+hubert+wav2vec_sb,4,0.690039349523602,0,0.0,0.0,0.0,1,0
whisper_v3+whisper_v2+xlsr+w2vbert+wav2vec_sb,5,0.727512370745946,0,0.0,0.0,0.0,1,0
whisper_v3+whisper_v2+xlsr+w2vbert,4,0.7628929749660391,0,0.0,0.0,0.0,1,0
whisper_v3+whisper_v2+w2vbert+wav2vec_sb,4,0.7815371755662678,0,0.0,0.0,0.0,1,0
whisper_v3+whisper_v2+xlsr+wav2vec_sb,4,0.8629880266147295,0,0.0,0.0,0.0,1,0
