model,n_subpools,f_bar,f_sd,f_min,f_max,survival
whisper_v3,219,0.028703680515556,0.04064133561142865,0.005179768433881779,0.3446069469835466,0.971296319484444
fastconformer,219,0.034619440757528964,0.05179576679492665,0.005484460694698354,0.3507007921998781,0.965380559242471
cohere,219,0.0353929973648989,0.03458671453380858,0.012797074954296161,0.2400975015234613,0.9646070026351011
whisper_v2,219,0.046061400360065556,0.05629023377277767,0.014625228519195612,0.42687385740402195,0.9539385996399344
seamless_m4t,219,0.047136866650527715,0.04617755986592934,0.015234613040828763,0.3190127970749543,0.9528631333494723
hubert,219,0.2579268682922486,0.18042801270643005,0.06002437538086532,0.8686776355880561,0.7420731317077514
w2vbert,219,0.5845681021985147,0.15815396923598074,0.2659963436928702,0.9460694698354661,0.41543189780148526
xlsr,219,0.8170691665344942,0.12142064989715454,0.3875685557586837,0.9872029250457038,0.18293083346550576
wav2vec_sb,219,0.877271626889718,0.09126482190801391,0.5268129189518587,0.9908592321755028,0.12272837311028195
