model,role,n_samples,wer_pseudo_loo,cer_pseudo_loo,rank_pseudo
whisper_v3,voter,3282,19.614334388517022,9.497577841247981,1
cohere,voter,3282,20.391985215445967,12.208308506793518,2
fastconformer,voter,3282,22.145897832817337,10.91544679921346,3
whisper_v2,voter,3282,22.819084524097846,11.159575863258159,4
seamless_m4t,voter,3282,25.585292403341754,13.942988367058,5
hubert,voter,3282,48.32911086982748,19.718038038810782,6
w2vbert,voter,3282,65.77600772387159,26.14511101983619,7
xlsr,voter,3282,76.9489393609559,34.407222111905924,8
wav2vec_sb,voter,3282,81.01617856883752,40.32782122363993,9
