pool,k,model,n_samples,filtered_out,filtered_out_rate
seamless_m4t+whisper_v3+fastconformer+w2vbert,4,seamless_m4t,3282,201,0.061243144424131625
seamless_m4t+whisper_v3+fastconformer+w2vbert,4,whisper_v3,3282,147,0.044789762340036565
seamless_m4t+whisper_v3+fastconformer+w2vbert,4,fastconformer,3282,138,0.04204753199268738
seamless_m4t+whisper_v3+fastconformer+w2vbert,4,w2vbert,3282,2958,0.9012797074954296
seamless_m4t+whisper_v3+fastconformer+hubert,4,seamless_m4t,3282,383,0.11669713589274833
seamless_m4t+whisper_v3+fastconformer+hubert,4,whisper_v3,3282,332,0.10115783059110299
seamless_m4t+whisper_v3+fastconformer+hubert,4,fastconformer,3282,303,0.0923217550274223
seamless_m4t+whisper_v3+fastconformer+hubert,4,hubert,3282,2622,0.7989031078610603
seamless_m4t+whisper_v3+fastconformer+wav2vec_sb,4,seamless_m4t,3282,78,0.02376599634369287
seamless_m4t+whisper_v3+fastconformer+wav2vec_sb,4,whisper_v3,3282,42,0.012797074954296161
seamless_m4t+whisper_v3+fastconformer+wav2vec_sb,4,fastconformer,3282,36,0.010968921389396709
seamless_m4t+whisper_v3+fastconformer+wav2vec_sb,4,wav2vec_sb,3282,3159,0.9625228519195612
seamless_m4t+whisper_v3+fastconformer+cohere,4,seamless_m4t,3282,956,0.29128580134064597
seamless_m4t+whisper_v3+fastconformer+cohere,4,whisper_v3,3282,1131,0.3446069469835466
seamless_m4t+whisper_v3+fastconformer+cohere,4,fastconformer,3282,1073,0.32693479585618523
seamless_m4t+whisper_v3+fastconformer+cohere,4,cohere,3282,607,0.18494820231566117
seamless_m4t+whisper_v3+w2vbert+hubert,4,seamless_m4t,3282,224,0.06825106642291286
seamless_m4t+whisper_v3+w2vbert+hubert,4,whisper_v3,3282,170,0.0517976843388178
seamless_m4t+whisper_v3+w2vbert+hubert,4,w2vbert,3282,2463,0.7504570383912249
seamless_m4t+whisper_v3+w2vbert+hubert,4,hubert,3282,1108,0.3375990249847654
seamless_m4t+whisper_v3+w2vbert+wav2vec_sb,4,seamless_m4t,3282,89,0.027117611212675197
seamless_m4t+whisper_v3+w2vbert+wav2vec_sb,4,whisper_v3,3282,56,0.017062766605728214
seamless_m4t+whisper_v3+w2vbert+wav2vec_sb,4,w2vbert,3282,1509,0.45978062157221206
seamless_m4t+whisper_v3+w2vbert+wav2vec_sb,4,wav2vec_sb,3282,2636,0.8031687995124924
seamless_m4t+whisper_v3+w2vbert+cohere,4,seamless_m4t,3282,177,0.05393053016453382
seamless_m4t+whisper_v3+w2vbert+cohere,4,whisper_v3,3282,156,0.04753199268738574
seamless_m4t+whisper_v3+w2vbert+cohere,4,w2vbert,3282,2981,0.9082876294942108
seamless_m4t+whisper_v3+w2vbert+cohere,4,cohere,3282,120,0.03656307129798903
seamless_m4t+whisper_v3+hubert+wav2vec_sb,4,seamless_m4t,3282,91,0.027726995734308348
seamless_m4t+whisper_v3+hubert+wav2vec_sb,4,whisper_v3,3282,55,0.01675807434491164
seamless_m4t+whisper_v3+hubert+wav2vec_sb,4,hubert,3282,482,0.14686166971358927
seamless_m4t+whisper_v3+hubert+wav2vec_sb,4,wav2vec_sb,3282,2865,0.8729433272394881
seamless_m4t+whisper_v3+hubert+cohere,4,seamless_m4t,3282,334,0.10176721511273613
seamless_m4t+whisper_v3+hubert+cohere,4,whisper_v3,3282,317,0.09658744667885436
seamless_m4t+whisper_v3+hubert+cohere,4,hubert,3282,2683,0.8174893357708715
seamless_m4t+whisper_v3+hubert+cohere,4,cohere,3282,242,0.07373552711761121
seamless_m4t+whisper_v3+wav2vec_sb+cohere,4,seamless_m4t,3282,71,0.021633150517976842
seamless_m4t+whisper_v3+wav2vec_sb+cohere,4,whisper_v3,3282,41,0.012492382693479586
seamless_m4t+whisper_v3+wav2vec_sb+cohere,4,wav2vec_sb,3282,3172,0.9664838513101767
seamless_m4t+whisper_v3+wav2vec_sb+cohere,4,cohere,3282,42,0.012797074954296161
seamless_m4t+fastconformer+w2vbert+hubert,4,seamless_m4t,3282,221,0.06733698964046313
seamless_m4t+fastconformer+w2vbert+hubert,4,fastconformer,3282,144,0.043875685557586835
seamless_m4t+fastconformer+w2vbert+hubert,4,w2vbert,3282,2507,0.7638634978671541
seamless_m4t+fastconformer+w2vbert+hubert,4,hubert,3282,1088,0.33150517976843386
seamless_m4t+fastconformer+w2vbert+wav2vec_sb,4,seamless_m4t,3282,77,0.023461304082876295
seamless_m4t+fastconformer+w2vbert+wav2vec_sb,4,fastconformer,3282,44,0.01340645947592931
seamless_m4t+fastconformer+w2vbert+wav2vec_sb,4,w2vbert,3282,1554,0.473491773308958
seamless_m4t+fastconformer+w2vbert+wav2vec_sb,4,wav2vec_sb,3282,2671,0.8138330286410725
seamless_m4t+fastconformer+w2vbert+cohere,4,seamless_m4t,3282,163,0.049664838513101765
seamless_m4t+fastconformer+w2vbert+cohere,4,fastconformer,3282,124,0.037781840341255334
seamless_m4t+fastconformer+w2vbert+cohere,4,w2vbert,3282,2973,0.9058500914076782
seamless_m4t+fastconformer+w2vbert+cohere,4,cohere,3282,112,0.03412553321145643
seamless_m4t+fastconformer+hubert+wav2vec_sb,4,seamless_m4t,3282,86,0.026203534430225474
seamless_m4t+fastconformer+hubert+wav2vec_sb,4,fastconformer,3282,46,0.014015843997562462
seamless_m4t+fastconformer+hubert+wav2vec_sb,4,hubert,3282,469,0.1429006703229738
seamless_m4t+fastconformer+hubert+wav2vec_sb,4,wav2vec_sb,3282,2842,0.8659354052407069
seamless_m4t+fastconformer+hubert+cohere,4,seamless_m4t,3282,336,0.10237659963436929
seamless_m4t+fastconformer+hubert+cohere,4,fastconformer,3282,287,0.0874466788543571
seamless_m4t+fastconformer+hubert+cohere,4,hubert,3282,2688,0.8190127970749543
seamless_m4t+fastconformer+hubert+cohere,4,cohere,3282,231,0.07038391224862889
seamless_m4t+fastconformer+wav2vec_sb+cohere,4,seamless_m4t,3282,73,0.022242535039609993
seamless_m4t+fastconformer+wav2vec_sb+cohere,4,fastconformer,3282,30,0.009140767824497258
seamless_m4t+fastconformer+wav2vec_sb+cohere,4,wav2vec_sb,3282,3173,0.9667885435709933
seamless_m4t+fastconformer+wav2vec_sb+cohere,4,cohere,3282,49,0.014929920780012188
seamless_m4t+w2vbert+hubert+wav2vec_sb,4,seamless_m4t,3282,276,0.08409506398537477
seamless_m4t+w2vbert+hubert+wav2vec_sb,4,w2vbert,3282,1132,0.3449116392443632
seamless_m4t+w2vbert+hubert+wav2vec_sb,4,hubert,3282,209,0.06368068251066424
seamless_m4t+w2vbert+hubert+wav2vec_sb,4,wav2vec_sb,3282,2550,0.7769652650822669
seamless_m4t+w2vbert+hubert+cohere,4,seamless_m4t,3282,167,0.05088360755636807
seamless_m4t+w2vbert+hubert+cohere,4,w2vbert,3282,2508,0.7641681901279708
seamless_m4t+w2vbert+hubert+cohere,4,hubert,3282,1208,0.36806825106642294
seamless_m4t+w2vbert+hubert+cohere,4,cohere,3282,161,0.049055453991468614
seamless_m4t+w2vbert+wav2vec_sb+cohere,4,seamless_m4t,3282,50,0.015234613040828763
seamless_m4t+w2vbert+wav2vec_sb+cohere,4,w2vbert,3282,1623,0.4945155393053016
seamless_m4t+w2vbert+wav2vec_sb+cohere,4,wav2vec_sb,3282,2618,0.797684338817794
seamless_m4t+w2vbert+wav2vec_sb+cohere,4,cohere,3282,60,0.018281535648994516
seamless_m4t+hubert+wav2vec_sb+cohere,4,seamless_m4t,3282,63,0.019195612431444242
seamless_m4t+hubert+wav2vec_sb+cohere,4,hubert,3282,558,0.170018281535649
seamless_m4t+hubert+wav2vec_sb+cohere,4,wav2vec_sb,3282,2816,0.8580134064594759
seamless_m4t+hubert+wav2vec_sb+cohere,4,cohere,3282,65,0.019804996953077393
whisper_v3+fastconformer+w2vbert+hubert,4,whisper_v3,3282,190,0.0578915295551493
whisper_v3+fastconformer+w2vbert+hubert,4,fastconformer,3282,165,0.050274223034734916
whisper_v3+fastconformer+w2vbert+hubert,4,w2vbert,3282,2468,0.7519804996953078
whisper_v3+fastconformer+w2vbert+hubert,4,hubert,3282,1073,0.32693479585618523
whisper_v3+fastconformer+w2vbert+wav2vec_sb,4,whisper_v3,3282,55,0.01675807434491164
whisper_v3+fastconformer+w2vbert+wav2vec_sb,4,fastconformer,3282,58,0.017672151127361365
whisper_v3+fastconformer+w2vbert+wav2vec_sb,4,w2vbert,3282,1504,0.4582571602681292
whisper_v3+fastconformer+w2vbert+wav2vec_sb,4,wav2vec_sb,3282,2634,0.8025594149908593
whisper_v3+fastconformer+w2vbert+cohere,4,whisper_v3,3282,154,0.04692260816575259
whisper_v3+fastconformer+w2vbert+cohere,4,fastconformer,3282,128,0.039000609384521635
whisper_v3+fastconformer+w2vbert+cohere,4,w2vbert,3282,2978,0.9073735527117611
whisper_v3+fastconformer+w2vbert+cohere,4,cohere,3282,133,0.04052407068860451
whisper_v3+fastconformer+hubert+wav2vec_sb,4,whisper_v3,3282,58,0.017672151127361365
whisper_v3+fastconformer+hubert+wav2vec_sb,4,fastconformer,3282,49,0.014929920780012188
whisper_v3+fastconformer+hubert+wav2vec_sb,4,hubert,3282,439,0.13375990249847655
whisper_v3+fastconformer+hubert+wav2vec_sb,4,wav2vec_sb,3282,2833,0.8631931748933577
whisper_v3+fastconformer+hubert+cohere,4,whisper_v3,3282,320,0.09750152346130408
whisper_v3+fastconformer+hubert+cohere,4,fastconformer,3282,282,0.08592321755027423
whisper_v3+fastconformer+hubert+cohere,4,hubert,3282,2687,0.8187081048141377
whisper_v3+fastconformer+hubert+cohere,4,cohere,3282,277,0.08439975624619135
whisper_v3+fastconformer+wav2vec_sb+cohere,4,whisper_v3,3282,31,0.009445460085313833
whisper_v3+fastconformer+wav2vec_sb+cohere,4,fastconformer,3282,26,0.007921998781230956
whisper_v3+fastconformer+wav2vec_sb+cohere,4,wav2vec_sb,3282,3160,0.9628275441803779
whisper_v3+fastconformer+wav2vec_sb+cohere,4,cohere,3282,43,0.013101767215112737
whisper_v3+w2vbert+hubert+wav2vec_sb,4,whisper_v3,3282,216,0.06581352833638025
whisper_v3+w2vbert+hubert+wav2vec_sb,4,w2vbert,3282,1097,0.3342474101157831
whisper_v3+w2vbert+hubert+wav2vec_sb,4,hubert,3282,208,0.06337599024984765
whisper_v3+w2vbert+hubert+wav2vec_sb,4,wav2vec_sb,3282,2497,0.7608165752589884
whisper_v3+w2vbert+hubert+cohere,4,whisper_v3,3282,147,0.044789762340036565
whisper_v3+w2vbert+hubert+cohere,4,w2vbert,3282,2460,0.7495429616087751
whisper_v3+w2vbert+hubert+cohere,4,hubert,3282,1158,0.35283363802559414
whisper_v3+w2vbert+hubert+cohere,4,cohere,3282,189,0.05758683729433273
whisper_v3+w2vbert+wav2vec_sb+cohere,4,whisper_v3,3282,38,0.01157830591102986
whisper_v3+w2vbert+wav2vec_sb+cohere,4,w2vbert,3282,1557,0.4744058500914077
whisper_v3+w2vbert+wav2vec_sb+cohere,4,wav2vec_sb,3282,2648,0.8068251066422912
whisper_v3+w2vbert+wav2vec_sb+cohere,4,cohere,3282,67,0.020414381474710544
whisper_v3+hubert+wav2vec_sb+cohere,4,whisper_v3,3282,48,0.014625228519195612
whisper_v3+hubert+wav2vec_sb+cohere,4,hubert,3282,490,0.14929920780012187
whisper_v3+hubert+wav2vec_sb+cohere,4,wav2vec_sb,3282,2833,0.8631931748933577
whisper_v3+hubert+wav2vec_sb+cohere,4,cohere,3282,57,0.01736745886654479
fastconformer+w2vbert+hubert+wav2vec_sb,4,fastconformer,3282,221,0.06733698964046313
fastconformer+w2vbert+hubert+wav2vec_sb,4,w2vbert,3282,1105,0.33668494820231565
fastconformer+w2vbert+hubert+wav2vec_sb,4,hubert,3282,197,0.06002437538086532
fastconformer+w2vbert+hubert+wav2vec_sb,4,wav2vec_sb,3282,2514,0.7659963436928702
fastconformer+w2vbert+hubert+cohere,4,fastconformer,3282,122,0.03717245581962218
fastconformer+w2vbert+hubert+cohere,4,w2vbert,3282,2515,0.7663010359536868
fastconformer+w2vbert+hubert+cohere,4,hubert,3282,1172,0.3570993296770262
fastconformer+w2vbert+hubert+cohere,4,cohere,3282,191,0.05819622181596588
fastconformer+w2vbert+wav2vec_sb+cohere,4,fastconformer,3282,37,0.011273613650213284
fastconformer+w2vbert+wav2vec_sb+cohere,4,w2vbert,3282,1594,0.48567946374162096
fastconformer+w2vbert+wav2vec_sb+cohere,4,wav2vec_sb,3282,2673,0.8144424131627057
fastconformer+w2vbert+wav2vec_sb+cohere,4,cohere,3282,66,0.02010968921389397
fastconformer+hubert+wav2vec_sb+cohere,4,fastconformer,3282,33,0.010054844606946984
fastconformer+hubert+wav2vec_sb+cohere,4,hubert,3282,510,0.15539305301645337
fastconformer+hubert+wav2vec_sb+cohere,4,wav2vec_sb,3282,2828,0.8616697135892748
fastconformer+hubert+wav2vec_sb+cohere,4,cohere,3282,77,0.023461304082876295
w2vbert+hubert+wav2vec_sb+cohere,4,w2vbert,3282,1106,0.33698964046313223
w2vbert+hubert+wav2vec_sb+cohere,4,hubert,3282,212,0.06459475929311395
w2vbert+hubert+wav2vec_sb+cohere,4,wav2vec_sb,3282,2531,0.771176112126752
w2vbert+hubert+wav2vec_sb+cohere,4,cohere,3282,265,0.08074344911639245
seamless_m4t+whisper_v3+fastconformer+w2vbert+hubert,5,seamless_m4t,3282,218,0.06642291285801341
seamless_m4t+whisper_v3+fastconformer+w2vbert+hubert,5,whisper_v3,3282,173,0.05271176112126752
seamless_m4t+whisper_v3+fastconformer+w2vbert+hubert,5,fastconformer,3282,152,0.04631322364411944
seamless_m4t+whisper_v3+fastconformer+w2vbert+hubert,5,w2vbert,3282,2870,0.874466788543571
seamless_m4t+whisper_v3+fastconformer+w2vbert+hubert,5,hubert,3282,1432,0.4363193174893358
seamless_m4t+whisper_v3+fastconformer+w2vbert+wav2vec_sb,5,seamless_m4t,3282,109,0.033211456429006705
seamless_m4t+whisper_v3+fastconformer+w2vbert+wav2vec_sb,5,whisper_v3,3282,59,0.01797684338817794
seamless_m4t+whisper_v3+fastconformer+w2vbert+wav2vec_sb,5,fastconformer,3282,55,0.01675807434491164
seamless_m4t+whisper_v3+fastconformer+w2vbert+wav2vec_sb,5,w2vbert,3282,1954,0.5953686776355881
seamless_m4t+whisper_v3+fastconformer+w2vbert+wav2vec_sb,5,wav2vec_sb,3282,3119,0.9503351614868982
seamless_m4t+whisper_v3+fastconformer+w2vbert+cohere,5,seamless_m4t,3282,217,0.06611822059719683
seamless_m4t+whisper_v3+fastconformer+w2vbert+cohere,5,whisper_v3,3282,189,0.05758683729433273
seamless_m4t+whisper_v3+fastconformer+w2vbert+cohere,5,fastconformer,3282,152,0.04631322364411944
seamless_m4t+whisper_v3+fastconformer+w2vbert+cohere,5,w2vbert,3282,3092,0.9421084704448507
seamless_m4t+whisper_v3+fastconformer+w2vbert+cohere,5,cohere,3282,134,0.04082876294942109
seamless_m4t+whisper_v3+fastconformer+hubert+wav2vec_sb,5,seamless_m4t,3282,88,0.02681291895185862
seamless_m4t+whisper_v3+fastconformer+hubert+wav2vec_sb,5,whisper_v3,3282,58,0.017672151127361365
seamless_m4t+whisper_v3+fastconformer+hubert+wav2vec_sb,5,fastconformer,3282,46,0.014015843997562462
seamless_m4t+whisper_v3+fastconformer+hubert+wav2vec_sb,5,hubert,3282,748,0.2279098110907983
seamless_m4t+whisper_v3+fastconformer+hubert+wav2vec_sb,5,wav2vec_sb,3282,3173,0.9667885435709933
seamless_m4t+whisper_v3+fastconformer+hubert+cohere,5,seamless_m4t,3282,388,0.1182205971968312
seamless_m4t+whisper_v3+fastconformer+hubert+cohere,5,whisper_v3,3282,363,0.11060329067641682
seamless_m4t+whisper_v3+fastconformer+hubert+cohere,5,fastconformer,3282,342,0.10420475319926874
seamless_m4t+whisper_v3+fastconformer+hubert+cohere,5,hubert,3282,2825,0.8607556368068251
seamless_m4t+whisper_v3+fastconformer+hubert+cohere,5,cohere,3282,262,0.07982937233394272
seamless_m4t+whisper_v3+fastconformer+wav2vec_sb+cohere,5,seamless_m4t,3282,96,0.029250457038391225
seamless_m4t+whisper_v3+fastconformer+wav2vec_sb+cohere,5,whisper_v3,3282,56,0.017062766605728214
seamless_m4t+whisper_v3+fastconformer+wav2vec_sb+cohere,5,fastconformer,3282,47,0.014320536258379037
seamless_m4t+whisper_v3+fastconformer+wav2vec_sb+cohere,5,wav2vec_sb,3282,3232,0.9847653869591713
seamless_m4t+whisper_v3+fastconformer+wav2vec_sb+cohere,5,cohere,3282,56,0.017062766605728214
seamless_m4t+whisper_v3+w2vbert+hubert+wav2vec_sb,5,seamless_m4t,3282,112,0.03412553321145643
seamless_m4t+whisper_v3+w2vbert+hubert+wav2vec_sb,5,whisper_v3,3282,73,0.022242535039609993
seamless_m4t+whisper_v3+w2vbert+hubert+wav2vec_sb,5,w2vbert,3282,1554,0.473491773308958
seamless_m4t+whisper_v3+w2vbert+hubert+wav2vec_sb,5,hubert,3282,518,0.15783059110298597
seamless_m4t+whisper_v3+w2vbert+hubert+wav2vec_sb,5,wav2vec_sb,3282,2918,0.8890920170627666
seamless_m4t+whisper_v3+w2vbert+hubert+cohere,5,seamless_m4t,3282,199,0.060633759902498474
seamless_m4t+whisper_v3+w2vbert+hubert+cohere,5,whisper_v3,3282,176,0.05362583790371724
seamless_m4t+whisper_v3+w2vbert+hubert+cohere,5,w2vbert,3282,2863,0.8723339427178549
seamless_m4t+whisper_v3+w2vbert+hubert+cohere,5,hubert,3282,1505,0.45856185252894577
seamless_m4t+whisper_v3+w2vbert+hubert+cohere,5,cohere,3282,159,0.048446069469835464
seamless_m4t+whisper_v3+w2vbert+wav2vec_sb+cohere,5,seamless_m4t,3282,89,0.027117611212675197
seamless_m4t+whisper_v3+w2vbert+wav2vec_sb+cohere,5,whisper_v3,3282,55,0.01675807434491164
seamless_m4t+whisper_v3+w2vbert+wav2vec_sb+cohere,5,w2vbert,3282,2026,0.6173065204143815
seamless_m4t+whisper_v3+w2vbert+wav2vec_sb+cohere,5,wav2vec_sb,3282,3121,0.9509445460085314
seamless_m4t+whisper_v3+w2vbert+wav2vec_sb+cohere,5,cohere,3282,61,0.01858622790981109
seamless_m4t+whisper_v3+hubert+wav2vec_sb+cohere,5,seamless_m4t,3282,81,0.024680073126142597
seamless_m4t+whisper_v3+hubert+wav2vec_sb+cohere,5,whisper_v3,3282,60,0.018281535648994516
seamless_m4t+whisper_v3+hubert+wav2vec_sb+cohere,5,hubert,3282,807,0.24588665447897623
seamless_m4t+whisper_v3+hubert+wav2vec_sb+cohere,5,wav2vec_sb,3282,3179,0.9686166971358927
seamless_m4t+whisper_v3+hubert+wav2vec_sb+cohere,5,cohere,3282,57,0.01736745886654479
seamless_m4t+fastconformer+w2vbert+hubert+wav2vec_sb,5,seamless_m4t,3282,114,0.03473491773308958
seamless_m4t+fastconformer+w2vbert+hubert+wav2vec_sb,5,fastconformer,3282,64,0.019500304692260818
seamless_m4t+fastconformer+w2vbert+hubert+wav2vec_sb,5,w2vbert,3282,1565,0.47684338817794025
seamless_m4t+fastconformer+w2vbert+hubert+wav2vec_sb,5,hubert,3282,527,0.16057282145033516
seamless_m4t+fastconformer+w2vbert+hubert+wav2vec_sb,5,wav2vec_sb,3282,2932,0.8933577087141986
seamless_m4t+fastconformer+w2vbert+hubert+cohere,5,seamless_m4t,3282,198,0.0603290676416819
seamless_m4t+fastconformer+w2vbert+hubert+cohere,5,fastconformer,3282,146,0.044485070079219986
seamless_m4t+fastconformer+w2vbert+hubert+cohere,5,w2vbert,3282,2894,0.8817794028031688
seamless_m4t+fastconformer+w2vbert+hubert+cohere,5,hubert,3282,1492,0.45460085313833026
seamless_m4t+fastconformer+w2vbert+hubert+cohere,5,cohere,3282,152,0.04631322364411944
seamless_m4t+fastconformer+w2vbert+wav2vec_sb+cohere,5,seamless_m4t,3282,88,0.02681291895185862
seamless_m4t+fastconformer+w2vbert+wav2vec_sb+cohere,5,fastconformer,3282,47,0.014320536258379037
seamless_m4t+fastconformer+w2vbert+wav2vec_sb+cohere,5,w2vbert,3282,2027,0.617611212675198
seamless_m4t+fastconformer+w2vbert+wav2vec_sb+cohere,5,wav2vec_sb,3282,3113,0.9485070079219988
seamless_m4t+fastconformer+w2vbert+wav2vec_sb+cohere,5,cohere,3282,64,0.019500304692260818
seamless_m4t+fastconformer+hubert+wav2vec_sb+cohere,5,seamless_m4t,3282,79,0.024070688604509446
seamless_m4t+fastconformer+hubert+wav2vec_sb+cohere,5,fastconformer,3282,51,0.015539305301645339
seamless_m4t+fastconformer+hubert+wav2vec_sb+cohere,5,hubert,3282,816,0.24862888482632542
seamless_m4t+fastconformer+hubert+wav2vec_sb+cohere,5,wav2vec_sb,3282,3170,0.9658744667885436
seamless_m4t+fastconformer+hubert+wav2vec_sb+cohere,5,cohere,3282,62,0.018890920170627667
seamless_m4t+w2vbert+hubert+wav2vec_sb+cohere,5,seamless_m4t,3282,82,0.024984765386959172
seamless_m4t+w2vbert+hubert+wav2vec_sb+cohere,5,w2vbert,3282,1624,0.4948202315661182
seamless_m4t+w2vbert+hubert+wav2vec_sb+cohere,5,hubert,3282,614,0.18708104814137722
seamless_m4t+w2vbert+hubert+wav2vec_sb+cohere,5,wav2vec_sb,3282,2964,0.903107861060329
seamless_m4t+w2vbert+hubert+wav2vec_sb+cohere,5,cohere,3282,93,0.0283363802559415
whisper_v3+fastconformer+w2vbert+hubert+wav2vec_sb,5,whisper_v3,3282,85,0.0258988421694089
whisper_v3+fastconformer+w2vbert+hubert+wav2vec_sb,5,fastconformer,3282,76,0.02315661182205972
whisper_v3+fastconformer+w2vbert+hubert+wav2vec_sb,5,w2vbert,3282,1536,0.4680073126142596
whisper_v3+fastconformer+w2vbert+hubert+wav2vec_sb,5,hubert,3282,504,0.15356489945155394
whisper_v3+fastconformer+w2vbert+hubert+wav2vec_sb,5,wav2vec_sb,3282,2921,0.8900060938452163
whisper_v3+fastconformer+w2vbert+hubert+cohere,5,whisper_v3,3282,164,0.049969530773918344
whisper_v3+fastconformer+w2vbert+hubert+cohere,5,fastconformer,3282,138,0.04204753199268738
whisper_v3+fastconformer+w2vbert+hubert+cohere,5,w2vbert,3282,2857,0.8705057891529555
whisper_v3+fastconformer+w2vbert+hubert+cohere,5,hubert,3282,1466,0.4466788543570993
whisper_v3+fastconformer+w2vbert+hubert+cohere,5,cohere,3282,165,0.050274223034734916
whisper_v3+fastconformer+w2vbert+wav2vec_sb+cohere,5,whisper_v3,3282,57,0.01736745886654479
whisper_v3+fastconformer+w2vbert+wav2vec_sb+cohere,5,fastconformer,3282,52,0.015843997562461912
whisper_v3+fastconformer+w2vbert+wav2vec_sb+cohere,5,w2vbert,3282,1997,0.6084704448507008
whisper_v3+fastconformer+w2vbert+wav2vec_sb+cohere,5,wav2vec_sb,3282,3115,0.9491163924436319
whisper_v3+fastconformer+w2vbert+wav2vec_sb+cohere,5,cohere,3282,76,0.02315661182205972
whisper_v3+fastconformer+hubert+wav2vec_sb+cohere,5,whisper_v3,3282,58,0.017672151127361365
whisper_v3+fastconformer+hubert+wav2vec_sb+cohere,5,fastconformer,3282,44,0.01340645947592931
whisper_v3+fastconformer+hubert+wav2vec_sb+cohere,5,hubert,3282,759,0.2312614259597806
whisper_v3+fastconformer+hubert+wav2vec_sb+cohere,5,wav2vec_sb,3282,3164,0.9640463132236441
whisper_v3+fastconformer+hubert+wav2vec_sb+cohere,5,cohere,3282,65,0.019804996953077393
whisper_v3+w2vbert+hubert+wav2vec_sb+cohere,5,whisper_v3,3282,64,0.019500304692260818
whisper_v3+w2vbert+hubert+wav2vec_sb+cohere,5,w2vbert,3282,1561,0.47562461913467396
whisper_v3+w2vbert+hubert+wav2vec_sb+cohere,5,hubert,3282,563,0.17154174283973186
whisper_v3+w2vbert+hubert+wav2vec_sb+cohere,5,wav2vec_sb,3282,2931,0.8930530164533821
whisper_v3+w2vbert+hubert+wav2vec_sb+cohere,5,cohere,3282,92,0.028031687995124923
fastconformer+w2vbert+hubert+wav2vec_sb+cohere,5,fastconformer,3282,52,0.015843997562461912
fastconformer+w2vbert+hubert+wav2vec_sb+cohere,5,w2vbert,3282,1567,0.4774527726995734
fastconformer+w2vbert+hubert+wav2vec_sb+cohere,5,hubert,3282,558,0.170018281535649
fastconformer+w2vbert+hubert+wav2vec_sb+cohere,5,wav2vec_sb,3282,2932,0.8933577087141986
fastconformer+w2vbert+hubert+wav2vec_sb+cohere,5,cohere,3282,94,0.028641072516758074
seamless_m4t+whisper_v3+fastconformer+w2vbert+hubert+wav2vec_sb,6,seamless_m4t,3282,89,0.027117611212675197
seamless_m4t+whisper_v3+fastconformer+w2vbert+hubert+wav2vec_sb,6,whisper_v3,3282,62,0.018890920170627667
seamless_m4t+whisper_v3+fastconformer+w2vbert+hubert+wav2vec_sb,6,fastconformer,3282,55,0.01675807434491164
seamless_m4t+whisper_v3+fastconformer+w2vbert+hubert+wav2vec_sb,6,w2vbert,3282,1674,0.5100548446069469
seamless_m4t+whisper_v3+fastconformer+w2vbert+hubert+wav2vec_sb,6,hubert,3282,643,0.1959171237050579
seamless_m4t+whisper_v3+fastconformer+w2vbert+hubert+wav2vec_sb,6,wav2vec_sb,3282,3077,0.9375380865326021
seamless_m4t+whisper_v3+fastconformer+w2vbert+hubert+cohere,6,seamless_m4t,3282,189,0.05758683729433273
seamless_m4t+whisper_v3+fastconformer+w2vbert+hubert+cohere,6,whisper_v3,3282,166,0.050578915295551495
seamless_m4t+whisper_v3+fastconformer+w2vbert+hubert+cohere,6,fastconformer,3282,132,0.04021937842778794
seamless_m4t+whisper_v3+fastconformer+w2vbert+hubert+cohere,6,w2vbert,3282,2952,0.8994515539305301
seamless_m4t+whisper_v3+fastconformer+w2vbert+hubert+cohere,6,hubert,3282,1473,0.44881170018281535
seamless_m4t+whisper_v3+fastconformer+w2vbert+hubert+cohere,6,cohere,3282,131,0.03991468616697136
seamless_m4t+whisper_v3+fastconformer+w2vbert+wav2vec_sb+cohere,6,seamless_m4t,3282,93,0.0283363802559415
seamless_m4t+whisper_v3+fastconformer+w2vbert+wav2vec_sb+cohere,6,whisper_v3,3282,61,0.01858622790981109
seamless_m4t+whisper_v3+fastconformer+w2vbert+wav2vec_sb+cohere,6,fastconformer,3282,44,0.01340645947592931
seamless_m4t+whisper_v3+fastconformer+w2vbert+wav2vec_sb+cohere,6,w2vbert,3282,1984,0.6045094454600853
seamless_m4t+whisper_v3+fastconformer+w2vbert+wav2vec_sb+cohere,6,wav2vec_sb,3282,3177,0.9680073126142597
seamless_m4t+whisper_v3+fastconformer+w2vbert+wav2vec_sb+cohere,6,cohere,3282,59,0.01797684338817794
seamless_m4t+whisper_v3+fastconformer+hubert+wav2vec_sb+cohere,6,seamless_m4t,3282,77,0.023461304082876295
seamless_m4t+whisper_v3+fastconformer+hubert+wav2vec_sb+cohere,6,whisper_v3,3282,60,0.018281535648994516
seamless_m4t+whisper_v3+fastconformer+hubert+wav2vec_sb+cohere,6,fastconformer,3282,50,0.015234613040828763
seamless_m4t+whisper_v3+fastconformer+hubert+wav2vec_sb+cohere,6,hubert,3282,728,0.22181596587446678
seamless_m4t+whisper_v3+fastconformer+hubert+wav2vec_sb+cohere,6,wav2vec_sb,3282,3216,0.979890310786106
seamless_m4t+whisper_v3+fastconformer+hubert+wav2vec_sb+cohere,6,cohere,3282,58,0.017672151127361365
seamless_m4t+whisper_v3+w2vbert+hubert+wav2vec_sb+cohere,6,seamless_m4t,3282,80,0.02437538086532602
seamless_m4t+whisper_v3+w2vbert+hubert+wav2vec_sb+cohere,6,whisper_v3,3282,60,0.018281535648994516
seamless_m4t+whisper_v3+w2vbert+hubert+wav2vec_sb+cohere,6,w2vbert,3282,1719,0.5237659963436929
seamless_m4t+whisper_v3+w2vbert+hubert+wav2vec_sb+cohere,6,hubert,3282,722,0.21998781230956735
seamless_m4t+whisper_v3+w2vbert+hubert+wav2vec_sb+cohere,6,wav2vec_sb,3282,3087,0.9405850091407678
seamless_m4t+whisper_v3+w2vbert+hubert+wav2vec_sb+cohere,6,cohere,3282,62,0.018890920170627667
seamless_m4t+fastconformer+w2vbert+hubert+wav2vec_sb+cohere,6,seamless_m4t,3282,74,0.02254722730042657
seamless_m4t+fastconformer+w2vbert+hubert+wav2vec_sb+cohere,6,fastconformer,3282,54,0.016453382084095063
seamless_m4t+fastconformer+w2vbert+hubert+wav2vec_sb+cohere,6,w2vbert,3282,1725,0.5255941499085923
seamless_m4t+fastconformer+w2vbert+hubert+wav2vec_sb+cohere,6,hubert,3282,715,0.2178549664838513
seamless_m4t+fastconformer+w2vbert+hubert+wav2vec_sb+cohere,6,wav2vec_sb,3282,3089,0.941194393662401
seamless_m4t+fastconformer+w2vbert+hubert+wav2vec_sb+cohere,6,cohere,3282,70,0.021328458257160267
whisper_v3+fastconformer+w2vbert+hubert+wav2vec_sb+cohere,6,whisper_v3,3282,62,0.018890920170627667
whisper_v3+fastconformer+w2vbert+hubert+wav2vec_sb+cohere,6,fastconformer,3282,55,0.01675807434491164
whisper_v3+fastconformer+w2vbert+hubert+wav2vec_sb+cohere,6,w2vbert,3282,1708,0.5204143814747105
whisper_v3+fastconformer+w2vbert+hubert+wav2vec_sb+cohere,6,hubert,3282,694,0.21145642900670322
whisper_v3+fastconformer+w2vbert+hubert+wav2vec_sb+cohere,6,wav2vec_sb,3282,3086,0.9402803168799513
whisper_v3+fastconformer+w2vbert+hubert+wav2vec_sb+cohere,6,cohere,3282,73,0.022242535039609993
seamless_m4t+whisper_v3+fastconformer+w2vbert+hubert+wav2vec_sb+cohere,7,seamless_m4t,3282,78,0.02376599634369287
seamless_m4t+whisper_v3+fastconformer+w2vbert+hubert+wav2vec_sb+cohere,7,whisper_v3,3282,53,0.016148689823278488
seamless_m4t+whisper_v3+fastconformer+w2vbert+hubert+wav2vec_sb+cohere,7,fastconformer,3282,45,0.013711151736745886
seamless_m4t+whisper_v3+fastconformer+w2vbert+hubert+wav2vec_sb+cohere,7,w2vbert,3282,1714,0.52224253503961
seamless_m4t+whisper_v3+fastconformer+w2vbert+hubert+wav2vec_sb+cohere,7,hubert,3282,707,0.2154174283973187
seamless_m4t+whisper_v3+fastconformer+w2vbert+hubert+wav2vec_sb+cohere,7,wav2vec_sb,3282,3119,0.9503351614868982
seamless_m4t+whisper_v3+fastconformer+w2vbert+hubert+wav2vec_sb+cohere,7,cohere,3282,60,0.018281535648994516
