pair,adjacent,gap_wer,preserved_frac,resolved_95
parakeet < canary,True,0.0452351652754619,0.7742,False
canary < conformer,True,0.06872852233676974,0.84,False
seamless_m4t < whisper_v3,True,0.0859018532006568,0.6245,False
cohere < parakeet,True,0.11395292593008444,0.985,True
parakeet < conformer,False,0.11396368761223163,0.9715,True
cohere < canary,False,0.15918809120554633,0.9955,True
cohere < conformer,False,0.22791661354231607,0.9998,True
sb < seamless_m4t,True,0.28010512299405965,1.0,True
conformer < sb,True,0.31064735211742134,1.0,True
sb < whisper_v3,False,0.36600697619471645,0.9631,True
canary < sb,False,0.3793758744541911,1.0,True
parakeet < sb,False,0.424611039729653,1.0,True
cohere < sb,False,0.5385639656597374,1.0,True
conformer < seamless_m4t,False,0.590752475111481,1.0,True
canary < seamless_m4t,False,0.6594809974482507,1.0,True
conformer < whisper_v3,False,0.6766543283121378,1.0,True
parakeet < seamless_m4t,False,0.7047161627237126,1.0,True
canary < whisper_v3,False,0.7453828506489075,1.0,True
parakeet < whisper_v3,False,0.7906180159243694,1.0,True
cohere < seamless_m4t,False,0.8186690886537971,1.0,True
cohere < whisper_v3,False,0.9045709418544539,1.0,True
