pool,k,ensemble_wer_vs_true,ensemble_cer_vs_true,ranking_spearman,ranking_exact_p,ranking_kendall_b,ranking_kendall_exact_p,n_pairs_wrong,n_pairs_wrong_resolvable,worst_wrong_gap_wer,worst_wrong_pair
whisper_v3+parakeet+sb+cohere,4,1.3620126458958146,0.4516359619196153,0.28571428571428575,0.2779761904761905,0.23809523809523814,0.28095238095238095,8.0,8.0,1.3448203404076486,cohere|seamless_m4t
seamless_m4t+whisper_v3+parakeet+sb+cohere,5,1.377294695218629,0.41950518605163306,1.0,0.0001984126984126984,1.0,0.0001984126984126984,0.0,0.0,0.0,
seamless_m4t+parakeet+sb+cohere,4,1.3906664883760913,0.43683414382312913,0.8214285714285715,0.017063492063492062,0.6190476190476191,0.034523809523809526,4.0,3.0,0.3648589275821885,parakeet|conformer
parakeet+sb+cohere,3,1.4193203308563678,0.5426129902199694,,,,,,,,
seamless_m4t+whisper_v3+parakeet+cohere,4,1.426961355517775,0.4613835006660818,0.03571428571428572,0.48174603174603176,0.14285714285714288,0.3863095238095238,9.0,8.0,1.377294695218629,cohere|whisper_v3
seamless_m4t+whisper_v3+sb+cohere,4,1.501461345966494,0.5036228352341033,0.642857142857143,0.06944444444444445,0.4285714285714286,0.11944444444444445,6.0,5.0,0.8080383579438002,cohere|conformer
seamless_m4t+parakeet+cohere,3,1.5415767254388812,0.6534461159668294,,,,,,,,
seamless_m4t+whisper_v3+parakeet+sb,4,1.6065254350608416,0.5303383117984931,0.6071428571428572,0.08333333333333333,0.5238095238095238,0.06805555555555555,5.0,4.0,0.9341152648570172,parakeet|whisper_v3
seamless_m4t+sb+cohere,3,1.6657433761867466,0.6617495748990047,,,,,,,,
seamless_m4t+parakeet+sb,3,1.7841792584385565,0.7339535656135715,,,,,,,,
whisper_v3+parakeet+cohere,3,2.227358688800168,1.3180838504944168,,,,,,,,
whisper_v3+sb+cohere,3,2.3075894477449426,1.3668215442267495,,,,,,,,
whisper_v3+parakeet+sb,3,2.4260253299967527,1.407255779026907,,,,,,,,
seamless_m4t+whisper_v3+cohere,3,2.5196278820989897,1.487402208720076,,,,,,,,
seamless_m4t+whisper_v3+parakeet,3,2.6457047890122065,1.5245872639380778,,,,,,,,
seamless_m4t+whisper_v3+sb,3,2.7488586219412023,1.5603282393417883,,,,,,,,
