pair,pred_winner_full,gap_wer_pseudo,p_first_beats_second,p_supports_full
seamless_m4t|whisper_v3,seamless_m4t,0.09292631182033029,0.658462684641229,0.658462684641229
parakeet|cohere,cohere,0.07591362251638656,0.24381974600154516,0.7561802539984548
whisper_v3|sb,sb,0.36806586446647427,0.0423103263268674,0.9576896736731326
seamless_m4t|sb,sb,0.275139552646144,0.005845943835104357,0.9941540561648956
seamless_m4t|parakeet,parakeet,0.7513015250952875,0.0,1.0
seamless_m4t|cohere,cohere,0.827215147611674,0.0,1.0
whisper_v3|parakeet,parakeet,0.8442278369156178,0.0,1.0
whisper_v3|cohere,cohere,0.9201414594320043,0.0,1.0
parakeet|sb,parakeet,0.4761619724491435,1.0,1.0
sb|cohere,cohere,0.55207559496553,0.0,1.0
