model,role,n_samples,wer_true,cer_true,wer_pseudo_loo,cer_pseudo_loo,rank_true,rank_pseudo,wer_compression
cohere,voter,3289,26.48540259244229,14.146817835365853,21.228595989870122,12.487455062029712,1,1,5.256806602572169
fastconformer,voter,3289,31.92809911436824,14.798971036585366,23.0894045107902,11.483038126688681,2,3,8.838694603578041
whisper_v3,voter,3289,32.27184836838462,14.479325457317072,22.722537330709574,10.897742513341399,3,2,9.549311037675043
whisper_v2,ranked_only,3289,34.869064954286124,15.853658536585366,23.280102576057814,11.284064990947353,4,4,11.58896237822831
seamless_m4t,voter,3289,34.91203361103817,17.726753048780488,25.920726285741026,14.171997828191024,5,5,8.991307325297143
hubert,voter,3289,53.6296579217493,22.755811737804876,48.63157894736842,20.081934405386953,6,6,4.998078974380881
w2vbert,voter,3289,69.02198562937146,28.38986280487805,66.0829514635743,26.533820290291608,7,7,2.9390341657971533
xlsr,ranked_only,3289,78.66606192260868,35.79935213414634,76.82247348175778,34.502574713724755,8,8,1.843588440850894
wav2vec_sb,voter,3289,82.3995607648421,41.773056402439025,80.98835305673792,40.632246351249016,9,9,1.4112077081041718
