model,frac_zero_wer_samples,kendall_b_all,kendall_b_nonzero,n_nonzero,kendall_b_editdist
cohere,0.14077227120705382,0.3715080955039097,0.3212634033812289,2826,0.49015665260280517
seamless_m4t,0.10215871085436302,0.46528833172081335,0.41459469151190276,2953,0.5868690914017575
fastconformer,0.0966859227728793,0.48955063771601853,0.4459681567977531,2971,0.6111380482769673
whisper_v3,0.08726056552143509,0.4847483049641093,0.43961395427627764,3002,0.5995231771277432
whisper_v2,0.0720583764062025,0.5029915919976421,0.4620824775117547,3052,0.6223660368029764
hubert,0.015810276679841896,0.6785666407371739,0.6717370699424027,3237,0.8080684061984387
w2vbert,0.010337488598358164,0.7422212296291735,0.7371887231005636,3255,0.8645830174994926
xlsr,0.0012161751292186075,0.7549052098400381,0.7542827177206248,3285,0.8791667112106342
wav2vec_sb,0.0009121313469139556,0.7682924055678111,0.7678419960547636,3286,0.8819354919186305
