model,role,n_samples,spearman_full,spearman_loo,kendall_full,kendall_loo,delta_spearman,delta_kendall
cohere,voter,3289,0.45605116021484554,0.5004139885973923,0.34200226605926964,0.3715080955039097,0.04436282838254674,0.02950582944464003
seamless_m4t,voter,3289,0.5573188058514242,0.615265434314429,0.42230714839509015,0.46528833172081335,0.0579466284630048,0.042981183325723205
whisper_v3,voter,3289,0.593869436746412,0.6414940112744236,0.44794280198886544,0.4847483049641093,0.04762457452801161,0.036805502975243876
fastconformer,voter,3289,0.6068867998637894,0.6446034904378445,0.45896765815533686,0.48955063771601853,0.037716690574055134,0.030582979560681678
whisper_v2,ranked_only(control),3289,0.657894312707473,0.657894312707473,0.5029915919976421,0.5029915919976421,0.0,0.0
hubert,voter,3289,0.8178121544503176,0.8348009146978143,0.6560149869104921,0.6785666407371739,0.016988760247496626,0.022551653826681783
w2vbert,voter,3289,0.8704283607713917,0.8788642829718064,0.7314682168980638,0.7422212296291735,0.00843592220041467,0.010753012731109624
wav2vec_sb,voter,3289,0.8707203967507219,0.8781306332081991,0.7604717337204061,0.7682924055678111,0.007410236457477182,0.00782067184740498
xlsr,ranked_only(control),3289,0.8761668605474026,0.8761668605474026,0.7549052098400381,0.7549052098400381,0.0,0.0
