,seamless_m4t,whisper_v3,whisper_v2,fastconformer,xlsr,w2vbert,hubert,wav2vec_sb,cohere
seamless_m4t,0.0,15.72,19.32,11.73,24.8,25.68,13.77,30.64,10.12
whisper_v3,15.72,0.0,14.74,14.93,25.47,26.19,17.02,31.68,13.81
whisper_v2,19.32,14.74,0.0,18.56,28.0,28.78,20.46,33.97,17.5
fastconformer,11.73,14.93,18.56,0.0,22.75,24.05,10.29,28.79,7.03
xlsr,24.8,25.47,28.0,22.75,0.0,31.64,23.47,31.08,22.24
w2vbert,25.68,26.19,28.78,24.05,31.64,0.0,25.3,37.17,23.29
hubert,13.77,17.02,20.46,10.29,23.47,25.3,0.0,29.57,9.2
wav2vec_sb,30.64,31.68,33.97,28.79,31.08,37.17,29.57,0.0,28.78
cohere,10.12,13.81,17.5,7.03,22.24,23.29,9.2,28.78,0.0
