model,rank_pseudo_full,rank_modal,p_modal,p_at_full_rank,entropy_norm,rank_mean,rank_sd,rank_ci_lo,rank_ci_hi,agrees_with_full
cohere,1,1,0.7755375670428902,0.7755375670428902,0.3225414173326732,1.3153349064294888,0.7043835857630893,1,4,True
fastconformer,2,2,0.6522226559278875,0.6522226559278875,0.45620772860358005,1.9923230420165698,0.7711514729890746,1,4,True
hubert,3,3,0.5853520725920911,0.5853520725920911,0.49983833545902134,3.183518114403307,0.7391136466805516,2,5,True
seamless_m4t,4,4,0.575455028919784,0.575455028919784,0.4811421477448031,3.697892853900944,0.7093300048722397,2,5,True
whisper_v3,5,5,0.8293848746244004,0.8293848746244004,0.26260202856080583,4.827936501846227,0.4740962780151698,3,5,True
whisper_v2,6,6,0.9800806228278596,0.9800806228278596,0.05247025043411815,5.9881067528190846,0.162396324969776,6,6,True
xlsr,7,7,0.9912983567016158,0.9912983567016158,0.025415695125069783,6.99847730046714,0.09327017038966284,7,7,True
w2vbert,8,8,0.9964105281172371,0.9964105281172371,0.010827683380505375,7.996410528117237,0.059804578205734316,8,8,True
wav2vec_sb,9,9,1.0,1.0,-0.0,9.0,0.0,9,9,True
