model,rank_1,rank_2,rank_3,rank_4,rank_5,rank_6,rank_7,rank_8,rank_9
seamless_m4t,6.282722513089003e-05,0.04371465968586387,0.1778821989528796,0.09230890052356022,0.6312696335078534,0.03154712041884816,0.01797905759162303,0.0018821989528795809,0.0033534031413612565
whisper_v3,0.5210759162303656,0.22428534031413652,0.08812827225130908,0.08765183246073315,0.04739790575916237,0.023672774869109982,0.0037905759162303724,0.0013795811518324626,0.002617801047120423
whisper_v2,0.0792041884816754,0.1902434554973822,0.25552356020942407,0.3235314136125653,0.10596073298429322,0.03343193717277487,0.006869109947643979,0.002617801047120419,0.002617801047120419
fastconformer,0.05654188481675394,0.28918324607329843,0.3157172774869109,0.25324083769633515,0.058958115183246056,0.021060209424083782,0.002450261780104713,0.00023036649214659696,0.00261780104712042
xlsr,0.0,0.0,0.0,0.0,0.0,0.0031675392670156956,0.02200261780104704,0.9748298429319372,0.0
w2vbert,0.0,0.0,0.0,0.0,0.03642931937172763,0.02443455497382191,0.9391361256544504,0.0,0.0
hubert,0.0,0.0,0.0,0.1047146596858637,0.05235340314136113,0.8403141361256548,0.0,0.0016204188481675362,0.0009973821989528776
wav2vec_sb,0.0,0.0,0.0,0.0,0.0,0.0,0.0,0.014821989528795758,0.9851780104712042
cohere,0.3431151832460729,0.2525732984293195,0.16274869109947648,0.13855235602094254,0.06763089005235606,0.02237172774869111,0.007772251308900527,0.00261780104712042,0.00261780104712042
